score_type,prune_fraction,accuracy_mean,accuracy_min,accuracy_max,seeds,difference_to_baseline_pp,difference_to_baseline_in_sigmas
el2n_score,0.1,95.169997215271,95.169997215271,95.169997215271,1,-0.1670008897781372,-1.1328350945120012
el2n_score,0.2,95.42999863624571,95.42999863624571,95.42999863624571,1,0.09300053119658003,0.630860504322513
el2n_score,0.3,95.58999538421632,95.58999538421632,95.58999538421632,1,0.2529972791671895,1.7161836505026982
el2n_score,0.4,95.40999531745912,95.40999531745912,95.40999531745912,1,0.07299721240998736,0.49516984088791627
el2n_score,0.5,95.32999992370604,95.32999992370604,95.32999992370604,1,-0.006998181343092824,-0.047471516072440365
el2n_score,0.6,94.67999935150146,94.67999935150146,94.67999935150146,1,-0.6569987535476685,-4.456690297029038
el2n_score,0.7,92.17999577522278,92.17999577522278,92.17999577522278,1,-3.157002329826355,-21.41523340046086
forgetting_score,0.1,95.51999568939208,95.51999568939208,95.51999568939208,1,0.18299758434294233,1.2413471930000717
forgetting_score,0.2,95.44999599456789,95.44999599456789,95.44999599456789,1,0.112997889518752,0.7665107354978306
forgetting_score,0.3,95.2399969100952,95.2399969100952,95.2399969100952,1,-0.09700119495393267,-0.6579986370096637
forgetting_score,0.4,95.31999826431274,95.31999826431274,95.31999826431274,1,-0.01699984073638916,-0.11531684778973872
forgetting_score,0.5,95.58999538421632,95.58999538421632,95.58999538421632,1,0.2529972791671895,1.7161836505026982
forgetting_score,0.6,95.21999955177309,95.21999955177309,95.21999955177309,1,-0.1169985532760478,-0.7936488681845957
forgetting_score,0.7,92.97999739646912,92.97999739646912,92.97999739646912,1,-2.357000708580017,-15.988496372781903
random,0.1,94.8699951171875,94.8699951171875,94.8699951171875,1,-0.4670029878616333,-3.167871587956526
random,0.2,94.79999542236328,94.79999542236328,94.79999542236328,1,-0.537002682685852,-3.6427080454589595
random,0.3,94.16999816894533,94.16999816894533,94.16999816894533,1,-1.1669999361038066,-7.916236162980768
random,0.4,93.76999735832214,93.76999735832214,93.76999735832214,1,-1.5670007467269897,-10.629604676820342
random,0.5,93.41999888420104,93.41999888420104,93.41999888420104,1,-1.9169992208480977,-13.003786964332608
random,0.6,92.28999614715576,92.28999614715576,92.28999614715576,1,-3.0470019578933716,-20.669056048348512
random,0.7,91.4799988269806,91.4799988269806,91.4799988269806,1,-3.8569992780685283,-26.1635979754851
