,0,4,8,10,12,16,20,50,100,200
0,0.9999999999999999,-0.01715164308358017,0.008884820192059502,-0.0675103943636249,-0.03322241950239928,0.0011646420198299463,-0.026258556948139014,-0.06383743112404436,-0.02453209465243015,-0.0063082851492206
4,-0.01715164308358017,1.0,0.8540277679691004,0.8254822336488425,0.8088701760027298,0.7945131287160369,0.7677720041876035,0.7138064401615549,0.6268347498266764,0.13531210240938177
8,0.008884820192059504,0.8540277679691004,1.0,0.9287110518603744,0.9139622605750302,0.9073351389590202,0.8868084474756329,0.8415506182131341,0.7529640015603737,0.17651308754096484
10,-0.06751039436362491,0.8254822336488425,0.9287110518603743,1.0,0.9160381089483964,0.9048939791477828,0.8915386120233441,0.8597459151715666,0.7664556029927508,0.1931616439886129
12,-0.033222419502399285,0.8088701760027299,0.9139622605750302,0.9160381089483964,1.0,0.9058116986329837,0.8870589099422084,0.8571960630106773,0.765397503521564,0.1897312636217103
16,0.0011646420198299465,0.7945131287160367,0.9073351389590202,0.9048939791477828,0.9058116986329837,1.0,0.904158799351881,0.8642918358761145,0.7962516468144838,0.19768333721972434
20,-0.026258556948139014,0.7677720041876035,0.8868084474756329,0.8915386120233442,0.8870589099422084,0.9041587993518811,0.9999999999999999,0.885901671075136,0.8154160110116996,0.21372823454978082
50,-0.06383743112404436,0.7138064401615549,0.8415506182131343,0.8597459151715667,0.8571960630106773,0.8642918358761145,0.8859016710751358,1.0,0.8333937727962056,0.22546099778959985
100,-0.02453209465243015,0.6268347498266764,0.7529640015603737,0.7664556029927508,0.765397503521564,0.7962516468144838,0.8154160110116996,0.8333937727962057,1.0,0.3461292346928191
200,-0.006308285149220601,0.13531210240938177,0.17651308754096484,0.19316164398861288,0.1897312636217103,0.19768333721972434,0.21372823454978082,0.22546099778959988,0.34612923469281903,1.0
