S,B,is_validation,status,latency_s,memory_bytes,energy_j,latency_p10_s,latency_p90_s,latency_mean_s,latency_std_s,latency_gpu_s,n_reps,mem_before_bytes,mem_activation_bytes,energy_iters,energy_window_s,avg_power_w,energy_method,sm_clock_mhz,temperature_c,error
32,1,0,OK,0.00024981149999803165,16648192,0.011949479166666667,0.0002445668000291334,0.0002743701000326837,0.0002586415199948533,2.948307512977297e-05,0.00024065600335597992,100,14200832,2447360,9600,2.020558621999953,56.773903390367785,nvml_counter,2392,46,
32,2,0,OK,0.0002595930000666158,16685056,0.012536566840277779,0.000254543299956822,0.00034821759999204005,0.00028059982999593556,4.6175324762041726e-05,0.00024759999662637706,100,14213120,2471936,9216,2.022432290999973,57.127746878919645,nvml_counter,2385,46,
32,4,0,OK,0.00026283449994934927,16758784,0.013018530701754386,0.00025675989999172086,0.0003305024000155754,0.0002790107299972533,3.9007811240555656e-05,0.00025039999186992647,100,14237696,2521088,9120,2.01293336599997,58.98307515063654,nvml_counter,2392,46,
32,8,0,OK,0.0002584030000321036,16906240,0.013784298265375083,0.0002538368000386981,0.00034219230000189784,0.0002789362200076084,4.586633202549441e-05,0.00024761600047349926,100,14286848,2619392,8878,2.0049623310000015,61.03705696004914,nvml_counter,2392,46,
32,16,0,OK,0.0002670044999604215,17201152,0.015436909773580613,0.00025952540001981104,0.0003304314999923008,0.0002805043200032742,3.982769326201234e-05,0.0002562240064144135,100,14385152,2816000,8789,2.022242952000056,67.0913452143886,nvml_counter,2385,47,
32,32,0,OK,0.0002830170000152066,18829312,0.019809165019762844,0.0002779842999302673,0.0004124206000483355,0.0003179461199920297,8.391957075836724e-05,0.00027128000557422635,100,14581760,4247552,8096,2.0405103459999054,78.59553386454989,nvml_counter,2385,48,
32,33,1,OK,0.0002924954999912188,19904512,0.023155813953488372,0.00028960699999061037,0.0003909182000484179,0.00031253216999402864,4.865716413623693e-05,0.00028228799998760226,100,14594048,5310464,7310,2.0140672549999863,84.04337023988862,nvml_counter,2385,49,
32,64,0,OK,0.000321720999977515,22085632,0.029414253563390846,0.0003169215999719199,0.0004342992999681883,0.00034408841999152175,4.689609665967723e-05,0.00031006400287151333,100,14974976,7110656,6665,2.0444525159999785,95.89168663284428,nvml_counter,2385,50,
32,128,0,OK,0.0005155049999530092,28598272,0.05507596544715447,0.0005127728000047683,0.0006237820000251304,0.0005417956499945831,5.621881374257063e-05,0.000504863977432251,100,15761408,12836864,3936,2.044920273999992,106.00853380751452,nvml_counter,2385,51,
32,229,1,OK,0.0006894019999776901,39589888,0.09043159722222222,0.0006794772000603188,0.0008352601999490616,0.0007290532199976951,6.539568301013863e-05,0.0006714879870414734,100,17002496,22587392,2880,2.019315926000104,128.97585595528383,nvml_counter,2385,53,
32,252,1,OK,0.0007061575000193443,41820160,0.09840836236933799,0.0006983920999005022,0.0008683286000064072,0.0007489577199953601,7.420428329335965e-05,0.0006916800141334534,100,17285120,24535040,2870,2.014178156000071,140.2219556192973,nvml_counter,2385,54,
32,256,0,OK,0.0007148464999886528,41820160,0.09307847295864263,0.0007095303999676616,0.000874463000002379,0.0007537327799968807,6.678307976797985e-05,0.0007026879787445069,100,17334272,24485888,2829,2.020501737000018,130.323570219231,nvml_counter,2385,55,
64,1,0,OK,0.00021552900000187947,19873792,0.012393663074514137,0.00021054580003010415,0.0003062152000552487,0.0002353508700036855,4.315506067259329e-05,0.00020416000485420227,100,14237696,5636096,10857,2.0170589949999567,66.70999724527287,nvml_counter,2392,49,
64,2,0,OK,0.0002145530000348117,20021248,0.012403524792256414,0.00021151490000193007,0.0003464557000370405,0.0002477334700074607,7.117594444800057e-05,0.00020452800393104553,100,14286848,5734400,10951,2.0420555250000234,66.51680051647882,nvml_counter,2385,49,
64,4,0,OK,0.00035989349998999387,54624256,0.03651284584980237,0.0003534551000484498,0.0004677476999972896,0.00038300918000118146,4.716263351819396e-05,0.0003469920009374619,100,14385152,40239104,6072,2.042507893999982,108.54596971266439,nvml_counter,2385,52,
64,8,0,OK,0.00036881800002674936,57704448,0.041648062015503876,0.0003635633999920174,0.0004758005000553567,0.0003891740999983995,4.631093079404284e-05,0.0003578239977359772,100,14581760,43122688,5805,2.025854298000013,119.34076415992995,nvml_counter,2385,53,
64,16,0,OK,0.0003895440000292183,65568768,0.04979742005813953,0.0003839956000319944,0.0004891396000289205,0.00041222854999546144,5.081002348358019e-05,0.0003772320002317428,100,14974976,50593792,5504,2.0325283340000624,134.849288649568,nvml_counter,2385,55,
64,32,0,OK,0.00029639900003530784,28598272,0.0414172203765227,0.0002936014000056275,0.00040083640001284946,0.00031657393000045887,4.900614918902381e-05,0.0002867680042982102,100,15761408,12836864,7224,2.0359888899999987,146.9546329400649,nvml_counter,2385,58,
64,33,1,OK,0.00031564450000587385,34177024,0.04547453635560789,0.0003137161000040578,0.0004171331000065948,0.00033791261000374104,5.5854854700862274e-05,0.00030575999617576597,100,15810560,18366464,6794,2.043982454000002,151.1529609245852,nvml_counter,2385,59,
64,64,0,OK,0.00043138199998793425,41820160,0.0813726708074534,0.0004268615999990288,0.0005375419000301918,0.0004570972199962853,5.778941451902257e-05,0.00042110399901866915,100,17334272,24485888,4830,2.028034015000003,193.7985246268167,nvml_counter,2377,62,
64,128,0,OK,0.0007560475000900624,68714496,0.15398337028824832,0.0007523905999278213,0.0009069357000157652,0.0007871946499983551,6.456308306338572e-05,0.0007445279955863953,100,20480000,48234496,2706,2.0288781819999713,205.37408489910305,nvml_counter,2370,64,
64,229,1,OK,0.0018916605000072195,274956288,0.43278048780487804,0.0018857239999192643,0.002048791500021707,0.0019278271600012432,6.887712970797176e-05,0.0018787999749183654,100,25444352,249511936,1066,2.0454097279999814,225.55089754613905,nvml_counter,2370,64,
64,252,1,OK,0.0019337479999990137,298024960,0.45491317073170734,0.0019252682999422177,0.002085232600029485,0.0019713967600057457,6.561083589055934e-05,0.0019172799587249757,100,26771456,271253504,1025,2.0087590629999568,232.12639514050574,nvml_counter,2370,64,
64,256,0,OK,0.001923132000001715,301498368,0.43604195121951217,0.001916717499977949,0.0020790783999473208,0.001965964569991456,6.601212530354542e-05,0.0019088000059127807,100,26771456,274726912,1025,2.0014323670000067,223.3115679396817,nvml_counter,2370,64,
112,1,1,OK,0.00039002899995921325,33514496,0.02957921511627907,0.00038474209995911226,0.0004852896999523182,0.00041094640999631335,4.706275158440205e-05,0.0003784480094909668,100,14339072,19175424,5504,2.0057057709999526,81.17043005706337,nvml_counter,2392,54,
112,2,1,OK,0.000392985500013765,33966080,0.031652261490569496,0.0003887711999709609,0.0005159432000596098,0.00041766622999944047,5.239735135741994e-05,0.00038185600936412815,100,14489600,19476480,5461,2.036763965999967,84.86648570254745,nvml_counter,2392,53,
112,4,1,OK,0.0004938055000138775,55840768,0.05662517680339463,0.0004884740999500537,0.0006017806999807362,0.0005171560100029637,6.051769770474942e-05,0.000482479989528656,100,14790656,41050112,4242,2.028566965999971,118.41068302203804,nvml_counter,2385,55,
112,8,1,OK,0.0003128944999843952,36675584,0.043496705600479184,0.0003107858000134911,0.00041112709999424624,0.00033092203999672163,5.1562309386462804e-05,0.00030393600463867186,100,15392768,21282816,6678,2.011237097999924,144.4240464184253,nvml_counter,2385,58,
112,16,1,OK,0.0003593079999859583,37011456,0.06262538540596095,0.00035608759997103335,0.00048088490000282037,0.00039005650999911266,6.062618749044841e-05,0.0003489120006561279,100,16596992,20414464,5838,2.0163785690000395,181.3186301525271,nvml_counter,2385,61,
112,32,1,OK,0.0005651254999747835,51707904,0.11899861419068736,0.0005607929999541739,0.0006910732999699576,0.0005936251800017089,5.7171972061727395e-05,0.0005535039901733398,100,19005440,32702464,3608,2.0009114949999685,214.57570765767767,nvml_counter,2377,64,
112,33,1,OK,0.0005909385000109069,52159488,0.12355498866213152,0.0005857724999600578,0.0007037550999825726,0.0006180528799995954,5.5410381203591696e-05,0.0005772799849510193,100,19155968,33003520,3528,2.032789344999969,214.43540181484303,nvml_counter,2377,64,
112,64,1,OK,0.0009954750000247259,78741504,0.23003560975609755,0.0009899492000272404,0.001177253299943004,0.001041418139994903,7.144814529476577e-05,0.0009801439940929414,100,23822336,54919168,2050,2.0351760510000076,231.7111582402353,nvml_counter,2370,66,
112,128,1,OK,0.001995646000011675,214597632,0.435662,0.001988297200023226,0.002147936500045944,0.002026062370010777,6.669319002746228e-05,0.0019815199971199037,100,33456128,181141504,1000,2.0165578489999234,216.04240127108625,nvml_counter,2362,63,
112,229,1,OK,0.0036896180000098866,344865792,0.887187617260788,0.0036804317999326484,0.004006645499976003,0.0037433555699999486,0.00012296603232297225,0.0036764159202575682,100,48659456,296206336,533,2.004842720000056,235.8643874069018,nvml_counter,2362,64,
112,252,1,OK,0.004102486000022054,374206464,0.9160060975609756,0.003936284400037948,0.004367013300031886,0.004136393919994816,0.00019805513290316738,0.004016640067100525,100,52121600,322084864,492,2.0013383030000114,225.1868159043561,nvml_counter,2362,64,
112,256,1,OK,0.003925525999989077,380403712,0.8907063492063492,0.003912161500034017,0.004275437900059842,0.004012294990002374,0.00015989305716874883,0.00390988802909851,100,52723712,327680000,504,2.0263545589999694,221.5387223357128,nvml_counter,2362,64,
128,1,0,OK,0.00022583750001103908,15302656,0.014854121581743065,0.00022341289999303627,0.0003226111000117271,0.00024539404999814,4.532245087324505e-05,0.00021668799966573715,100,14385152,917504,10166,2.0404253890000064,74.0076068520237,nvml_counter,2392,53,
128,2,0,OK,0.00023215199996684532,16416768,0.019500878552971574,0.0002278662999287917,0.0003600478999373991,0.0002575729500017587,5.3477604980937156e-05,0.0002221280038356781,100,14581760,1835008,9675,2.014578060999952,93.65286143657875,nvml_counter,2392,54,
128,4,0,OK,0.0005588629999806471,58884096,0.0830841326390792,0.0005553681999117543,0.0007251551000763357,0.0005946579199985535,6.436761627517574e-05,0.0005469120144844055,100,14974976,43909120,3649,2.012171714000033,150.6700436600984,nvml_counter,2385,58,
128,8,0,OK,0.000326959500000612,37781504,0.04906986215538847,0.0003243586999928993,0.0004866082999910759,0.0003623078799967061,8.217047375434109e-05,0.00031751999258995055,100,15761408,22020096,6384,2.027596575999951,154.49917587551084,nvml_counter,2385,59,
128,16,0,OK,0.00047448450004594633,32210944,0.09527131242740998,0.000471530699962841,0.0006384436999837817,0.0005052531000001181,6.498867792257116e-05,0.0004649600088596344,100,17334272,14876672,4305,2.017361668000035,203.30662890338652,nvml_counter,2385,64,
128,32,0,OK,0.00091750100000354,49840128,0.19103968253968254,0.0008908575000532437,0.001081559300007484,0.0009480657300048279,7.40700587389038e-05,0.0008848640024662017,100,20480000,29360128,2268,2.0344478260000187,212.97080930892156,nvml_counter,2377,65,
128,33,1,OK,0.0009230215000570752,50954240,0.20707949412827462,0.0009137810000083846,0.0010966963000669239,0.0009635700900014399,8.029720208624244e-05,0.0009072319865226746,100,20676608,30277632,2214,2.03793203500004,224.97021104042415,nvml_counter,2377,66,
128,64,0,OK,0.002313508500037642,194543616,0.543534262485482,0.0022907942000301774,0.002618199500011542,0.0023838891100001545,0.0001414551315441765,0.002294911980628967,100,26771456,167772160,861,2.030589592999945,230.46656085172432,nvml_counter,2370,65,
128,128,0,OK,0.004424935500026095,339247104,1.1397450110864744,0.004412191899950813,0.004910892800000966,0.0045268241200062675,0.00019434458659249931,0.004412831783294678,100,39354368,299892736,451,2.047312232000081,251.07308595417976,nvml_counter,2370,66,
128,229,1,OK,0.011559416000011424,930512896,2.746488888888889,0.011009663600054865,0.012024148999944372,0.011550368679996837,0.0004101902438969413,0.01148700761795044,100,59211776,871301120,180,2.025753411999972,244.0415487252833,nvml_counter,2370,66,
128,252,1,OK,0.00929208800005199,995393536,2.3964727272727275,0.009110447400007615,0.009973576700019748,0.009480577509998511,0.0003805744720503272,0.00918065595626831,100,64520192,930873344,220,2.034785117999945,259.10549243559694,nvml_counter,2355,67,
128,256,0,OK,0.009499491500037038,1004044288,2.3396976744186047,0.009173280799973326,0.009945552999954543,0.009543786079995016,0.00034213348504060517,0.00945841598510742,100,64520192,939524096,215,2.0017360800000006,251.29936210172116,nvml_counter,2355,67,
224,1,0,OK,0.000244559999998728,17600512,0.02587845365418895,0.00024271760006513431,0.0003488178999646152,0.0002650531600068007,4.679012853368035e-05,0.0002348479926586151,100,14790656,2809856,8976,2.0223056709999128,114.86146893172116,nvml_counter,2385,58,
224,2,0,OK,0.00028962549998823306,21012480,0.04389494321254732,0.00028757699999459874,0.0003946776000020691,0.0003084697599990704,4.7031832891977586e-05,0.00027985599637031554,100,15392768,5619712,7396,2.0446616149999954,158.7778621256118,nvml_counter,2385,61,
224,4,0,OK,0.00041565850000324644,28639232,0.0798380081300813,0.0004130416999828412,0.0005208232000313729,0.0004417457300098704,5.635626378250734e-05,0.00040580800175666807,100,16596992,12042240,4920,2.0149968979999358,194.93975419510176,nvml_counter,2385,64,
224,8,0,OK,0.0007127595000042675,41484288,0.14704738675958187,0.0006986975999893729,0.0008713990000160266,0.0007546155700003964,7.24938338011735e-05,0.0006927520036697388,100,19005440,22478848,2870,2.0351634580000564,207.36712736318614,nvml_counter,2377,66,
224,16,0,OK,0.001329568000016934,68780032,0.29965458141067897,0.0012948763000167674,0.001499685499959469,0.001361598649990583,7.770411067899299e-05,0.0012896159887313843,100,23822336,44957696,1517,2.017598554000074,225.3054747183286,nvml_counter,2370,67,
224,32,0,OK,0.002639654500001143,124420096,0.6407560975609756,0.0026104109000357313,0.0030650005999859785,0.0027671792200021626,0.00020262945757362825,0.002621824026107788,100,33456128,90963968,738,2.0422395800000004,231.54873925222813,nvml_counter,2370,66,
224,33,1,OK,0.002702438000028451,127553536,0.6676043360433604,0.0026688894000017173,0.0031193894999887563,0.00286233747000324,0.00024173604696018999,0.002682960033416748,100,34058240,93495296,738,2.0388314589999936,241.6541091835299,nvml_counter,2370,67,
224,64,0,OK,0.005056126499994207,233603072,1.2989586563307494,0.005043158799912817,0.005690120499957629,0.005224907819991813,0.0002745249311296697,0.005041007995605469,100,52723712,180879360,387,2.002822573000003,250.9942751678779,nvml_counter,2340,68,
224,128,0,OK,0.010693901499962521,790659072,2.5481632653061226,0.010244676500008154,0.01124008270004424,0.010698621580000917,0.0003676063446197845,0.010665952205657959,100,91783168,698875904,196,2.0201403600000276,247.23034591516858,nvml_counter,2370,67,
224,229,1,OK,0.019923931499988612,1178587136,4.91462,0.01901694650000536,0.020720968999989965,0.019852403219996404,0.0007097209778007478,0.019846112251281738,100,152600576,1025986560,100,2.0129320109999753,244.1523098218572,nvml_counter,2370,68,
224,252,1,OK,0.021052127000018572,1266057216,5.090979591836735,0.020159759100010888,0.022223255399978825,0.021148134639994397,0.0009996765026489872,0.02099865531921387,100,165920768,1100136448,98,2.038857382999936,244.70372678343224,nvml_counter,2370,67,
224,256,0,OK,0.02003134150004371,1281916928,4.99804,0.019912209900030575,0.02140402009998752,0.020468960509997487,0.00062457527671407,0.020000351905822757,100,169377792,1112539136,100,2.0145446459999903,248.0977530045777,nvml_counter,2355,67,
256,1,0,OK,0.0002486994999912895,18644992,0.02952091813658978,0.0002454654999723971,0.0003431653000120605,0.00026496089000147547,4.127258503051448e-05,0.00023801599442958832,100,14974976,3670016,8844,2.03154181299999,128.51470657867347,nvml_counter,2385,60,
256,2,0,OK,0.0003158000000098582,23101440,0.050689726229025615,0.0003128290999939054,0.00040497710000408915,0.0003338310699950853,5.645273049225763e-05,0.00030644799768924714,100,15761408,7340032,6794,2.041347729999984,168.70521123806904,nvml_counter,2385,63,
256,4,0,OK,0.0004759785000487682,32210944,0.09990181405895691,0.00047250209996718695,0.0006347674999460651,0.0005055682900035663,6.603074760716148e-05,0.00046542400121688844,100,17334272,14876672,4410,2.0405713659999947,215.90374506901767,nvml_counter,2385,67,
256,8,0,OK,0.0008777030000146624,49840128,0.1887419217687075,0.0008622837000871186,0.001042658799963192,0.000913575279998895,7.18323640026027e-05,0.0008594399988651276,100,20480000,29360128,2352,2.0461086540000224,216.95866401432812,nvml_counter,2377,67,
256,16,0,OK,0.0016886119999526272,85491712,0.38757779646761986,0.0016593867000551654,0.0018429280999271215,0.0017209069599960004,7.543214929410565e-05,0.0016615199446678162,100,26771456,58720256,1189,2.020384941999964,228.09019727885507,nvml_counter,2370,68,
256,32,0,OK,0.0032230744999992567,156794880,0.8024861788617886,0.003217016399980821,0.003528639199987538,0.003280588029995215,0.0001248569705103582,0.003211935997009277,100,39354368,117440512,615,2.02391091700008,243.84917135163636,nvml_counter,2370,69,
256,33,1,OK,0.003341355999964435,162299904,0.8418027210884355,0.003336101200068242,0.003685407699924781,0.003399061800000709,0.00013526585196538488,0.0033310080766677857,100,40140800,122159104,588,2.005204515999935,246.8476387572708,nvml_counter,2370,69,
256,64,0,OK,0.009869984000033583,718831616,2.4459999999999997,0.009367982799972197,0.010312514200018085,0.009831701599998723,0.0003400909194352463,0.009780799865722656,100,64520192,654311424,215,2.0470880420000412,256.8966205704549,nvml_counter,2310,68,
256,128,0,OK,0.018254300000023704,1138262016,4.5377363636363635,0.018109999799924024,0.019354473400028382,0.018650219329991842,0.000553513351287297,0.01822815990447998,100,114851840,1023410176,110,2.020012751000081,247.10289563908796,nvml_counter,2340,68,
256,229,1,OK,0.033772613499991166,1802272768,8.69675,0.0333942933999424,0.03549332319995528,0.034239933370001835,0.0008862027664033234,0.033755006790161135,100,194543616,1607729152,60,2.03442859900008,256.4872516324568,nvml_counter,2340,67,
256,252,1,OK,0.02339149799996676,1138262016,5.798593023255814,0.02321158579999292,0.024858740700028647,0.02386444825999547,0.0007320114777448497,0.023377023696899413,100,213417984,924844032,86,2.0218795079999836,246.6413047992591,nvml_counter,2355,69,
256,256,0,OK,0.02372911300000169,1155039232,6.0872,0.023541703700027485,0.025405574900003104,0.02418840505998446,0.0007704512701335162,0.023715439796447753,100,215515136,939524096,80,2.014291840999931,241.7603994058062,nvml_counter,2377,68,
272,1,1,OK,0.00027482149999968897,19219456,0.0347489399974303,0.0002731338000216965,0.0003788562999716305,0.00029490441000803004,4.759785354343539e-05,0.0002650720030069351,100,15076352,4143104,7783,2.022615255000005,133.71351735404534,nvml_counter,2385,61,
272,2,1,OK,0.0003761760000315917,24250368,0.061372113997114,0.0003741543999126407,0.0004818626999963271,0.00039799183000354787,4.769240082989469e-05,0.00036691199243068693,100,15964160,8286208,5544,2.0121077969999988,169.09978705281077,nvml_counter,2385,63,
272,4,1,OK,0.000567475000025297,34312192,0.11424057649667406,0.0005642457999670114,0.0007160685999906491,0.0005992820399978882,7.32531019777778e-05,0.0005564799904823303,100,17739776,16572416,3608,2.009393349999982,205.12658708659689,nvml_counter,2377,66,
272,8,1,OK,0.001009013999976105,54435840,0.23229616724738675,0.000994850100005351,0.0011905147999982546,0.0010538105000057385,7.992094773165961e-05,0.0009877920150756837,100,21291008,33144832,2009,2.037155052999992,229.08565517030468,nvml_counter,2370,67,
272,16,1,OK,0.001967518999947515,95322112,0.47667000000000004,0.0019111291999820423,0.002138020800020968,0.0019992867400060277,8.953224345880797e-05,0.0019057760238647462,100,28868608,66453504,1000,2.0245392460000176,235.4461643269107,nvml_counter,2370,67,
272,32,1,OK,0.004031656999984534,176128000,0.9514573643410853,0.003852343500034294,0.004301152500011085,0.004062377950001519,0.00017595139807545393,0.003895583987236023,100,43548672,132579328,516,2.008763294000005,244.40510311315893,nvml_counter,2362,69,
272,33,1,OK,0.003881571999954758,181053440,0.9663158914728682,0.003865898799972456,0.004210454799999752,0.003965694350009699,0.00015132583595254629,0.0038656480312347415,100,43548672,137504768,516,2.0403967769999554,244.3735481356384,nvml_counter,2362,69,
272,64,1,OK,0.010726405000013983,736133120,2.6964642857142853,0.010220267200008949,0.011064853899995342,0.010643369040003563,0.00032598569008409836,0.010649247646331787,100,71008256,665124864,196,2.0323957639999435,260.0413804050886,nvml_counter,2310,68,
272,128,1,OK,0.019853675000035764,1172865024,5.117205882352941,0.01963768799995478,0.021154225299960673,0.020238747650006418,0.0006249764162122698,0.01983615970611572,100,127827968,1045037056,102,2.034183136000024,256.5919413855537,nvml_counter,2332,68,
272,229,1,OK,0.025487886500002332,1168166912,6.0082289156626505,0.02397848930006603,0.026071833400044396,0.025200546509993274,0.0008263808450588394,0.0254266881942749,100,217612288,950554624,83,2.021067627999969,246.74236185430985,nvml_counter,2347,69,
272,252,1,OK,0.027653137499953573,1282646016,6.846342465753425,0.02733515420003414,0.029342635800003337,0.028080427610002515,0.0007584403231990594,0.02763857650756836,100,238583808,1044062208,73,2.0267263950000824,246.59618645760997,nvml_counter,2347,68,
272,256,1,OK,0.02851226949996999,1303150592,6.86741095890411,0.026821150299929285,0.029355978499961567,0.02840059962999476,0.0008626613105522946,0.028456608772277833,100,241467392,1061683200,73,2.0089498850001064,249.54380581772128,nvml_counter,2347,70,
368,1,1,OK,0.00032344850001209124,23822336,0.05529576376004948,0.00032171450006899247,0.0004237456999476308,0.0003448861399954239,5.9473752350383095e-05,0.0003136959969997406,100,15813632,8008704,6468,2.0273742699999957,176.41192615115943,nvml_counter,2385,65,
368,2,1,OK,0.00048809400004756753,32606208,0.10426757532281206,0.00048461809998343595,0.0006028417999345947,0.0005115828000020883,5.3489822266053534e-05,0.00047790400683879854,100,17438720,15167488,4182,2.010684865999906,216.86491372836565,nvml_counter,2385,68,
368,4,1,OK,0.0009147079999820562,51023872,0.21657314814814815,0.0008981283999673906,0.0010691402999555067,0.000948520620004274,7.044134093106005e-05,0.0008936159908771515,100,20688896,30334976,2160,2.0253491409999924,230.97153499619836,nvml_counter,2370,68,
368,8,1,OK,0.0017747140000210493,89808896,0.4112282229965157,0.0017259896000268783,0.0018931733000385974,0.001789969460003249,6.911366192005926e-05,0.0017214720249176026,100,27189248,62619648,1148,2.015474700000027,234.2326599286975,nvml_counter,2370,69,
368,16,1,OK,0.003406325499952345,162512896,0.8686149825783972,0.0033992208999507056,0.0036433589999774084,0.0034515820900060134,0.00011481794157655655,0.0033960479497909543,100,40189952,122322944,574,2.0054000599999426,248.6212152601682,nvml_counter,2362,70,
368,32,1,OK,0.008499339500019687,581107712,2.0336367346938773,0.008208634799939319,0.008858803100042677,0.00850114921000113,0.0002784424561387311,0.008396736145019531,100,66617344,514490368,245,2.0370593549999967,244.5883566313662,nvml_counter,2362,68,
368,33,1,OK,0.009737292999943747,590369792,2.500095238095238,0.00928697600003261,0.01010299230003966,0.00967171403999714,0.0003343329299630614,0.009708784103393556,100,68714496,521655296,210,2.0055467619999945,261.7839733023395,nvml_counter,2317,68,
368,64,1,OK,0.01595763049994048,862814208,4.122626984126985,0.015283626099983395,0.0164501770000129,0.01584936623998942,0.0005453232805711794,0.01585545587539673,100,119046144,743768064,126,2.031126372000017,255.74528850634985,nvml_counter,2355,68,
368,128,1,OK,0.025029759500000637,1193967616,6.5611625,0.02477518940003165,0.02671683829991025,0.02549776086000179,0.0007698078126549098,0.02501771259307861,100,222199808,971767808,80,2.0104813539999213,261.07827309898073,nvml_counter,2347,69,
368,229,1,OK,0.046246020000069166,2123842560,11.673046511627906,0.04602137480001147,0.04890251130002525,0.04700044444000241,0.0012861039104725362,0.046207183837890624,100,386333696,1737508864,43,2.013055598000051,249.34284005800583,nvml_counter,2340,70,
368,252,1,OK,0.05141625800001748,2335371264,12.4818,0.050571468399994046,0.0539389254000298,0.051942279371134,0.0014961107606652386,0.051403934478759766,97,423710720,1911660544,40,2.040001576999998,244.7409872762076,nvml_counter,2332,70,
368,256,1,OK,0.0499503304999962,2372698112,12.531575,0.04978425260005679,0.052288745199984984,0.050476808340000616,0.0009444226963914713,0.04993286514282226,100,430211072,1942487040,40,2.0023637049999934,250.33564019779396,nvml_counter,2340,70,
384,1,0,OK,0.00037612549999721523,24215552,0.06188424947145877,0.0003717825999046909,0.00047774359995855775,0.00039420876000804126,4.782737867150925e-05,0.0003659520000219345,100,15958016,8257536,5676,2.046213679999937,171.6609577158192,nvml_counter,2385,64,
384,2,0,OK,0.0005595144999688273,34242560,0.11229350506988216,0.00055614999998852,0.0006777201000204514,0.000592383869997093,6.409346981634872e-05,0.0005485119819641114,100,17727488,16515072,3649,2.0089150560000917,203.97029669132078,nvml_counter,2377,67,
384,4,0,OK,0.000996088499960024,54296576,0.2293229268292683,0.0009823509999364432,0.0011603754999669035,0.0010394412500022553,7.550680090762259e-05,0.0009761599898338318,100,21266432,33030144,2050,2.031626645000074,231.39684703238518,nvml_counter,2370,69,
384,8,0,OK,0.0019546120000200062,95125504,0.43852380952380954,0.001897155000017392,0.002072895100036476,0.001974123280007234,7.8549843554069e-05,0.0019058560132980346,100,28868608,66256896,1050,2.0296026409999968,226.8670678183261,nvml_counter,2370,69,
384,16,0,OK,0.0036647235000373257,175669248,0.9388592870544089,0.0036575298999082404,0.003973127500046303,0.0037235278100013146,0.0001281498515152254,0.0036525920629501343,100,43548672,132120576,533,2.0017393619999666,249.98858967334846,nvml_counter,2355,70,
384,32,0,OK,0.008967781000023933,593002496,2.1728565217391305,0.008635301899971637,0.009450378800011094,0.008970722460002207,0.00033740915168721134,0.00888215970993042,100,70811648,522190848,230,2.01365368900008,248.1841851605399,nvml_counter,2370,68,
384,33,1,OK,0.010056507499996314,602505216,2.4487107843137252,0.009661197099967466,0.010590272500019182,0.010048778090000496,0.0003605599145824944,0.009910927772521973,100,72908800,529596416,204,2.0176792849999856,247.57998147361835,nvml_counter,2325,69,
384,64,0,OK,0.01680372900000293,886603776,4.028733870967742,0.016100842499986355,0.01720919109998249,0.01667534773999705,0.0004895370476203903,0.016764351844787598,100,127434752,759169024,124,2.02892323399999,246.2207498186708,nvml_counter,2332,69,
384,128,0,OK,0.027007585999967887,1297645568,6.732405405405405,0.02668147299999646,0.028525079599955917,0.027444328610001775,0.0007595370638741044,0.02698588752746582,100,240680960,1056964608,74,2.009767170000032,247.8884158506739,nvml_counter,2347,69,
384,229,1,OK,0.04820304199995462,2311553024,12.467238095238097,0.04792103630009024,0.05077968010002678,0.048794287169998826,0.0011295853209917729,0.0481844482421875,100,419397632,1892155392,42,2.0379317179999816,256.9389324358142,nvml_counter,2340,71,
384,252,1,OK,0.0530417575000115,2543353856,13.086578947368421,0.05280449799994358,0.05551213250004139,0.05361455900000368,0.0011134283737903674,0.05302771186828613,94,460881920,2082471936,38,2.0202240999999503,246.15585963953814,nvml_counter,2340,70,
384,256,0,OK,0.05381334000003335,2581102592,13.144368421052631,0.05364730840003631,0.05597284919995218,0.05429666876343911,0.000917783811922319,0.05380163192749023,93,467173376,2113929216,38,2.0504705209999656,243.59579661570191,nvml_counter,2340,69,
448,1,1,OK,0.0004099430000223947,28639232,0.07791479732388824,0.0004067472999963684,0.0005365010000673465,0.0004421462599930237,5.640124968076326e-05,0.0003994240015745163,100,16596992,12042240,5082,2.0171872729999905,196.29461542810452,nvml_counter,2385,68,
448,2,1,OK,0.0007018195000227934,41484288,0.1554774991411886,0.0006936258999871824,0.0008543815000393806,0.0007345895600053609,6.216836828018328e-05,0.000688832014799118,100,19005440,22478848,2911,2.043324871999971,221.49928589525163,nvml_counter,2377,69,
448,4,1,OK,0.001278090499965856,68780032,0.30438397435897435,0.00126156569996283,0.0014602919999560982,0.001316689269993958,7.920333609762551e-05,0.0012585440278053282,100,23822336,44957696,1560,2.002308395,237.14578692559493,nvml_counter,2370,70,
448,8,1,OK,0.002616588499961381,124420096,0.62575,0.002558150999971076,0.002950764799948047,0.00267224169999281,0.00014846988511140515,0.0025907520055770874,100,33456128,90963968,760,2.0004124719999936,237.73597028443317,nvml_counter,2362,70,
448,16,1,OK,0.005068002999962573,233603072,1.296204134366925,0.0050483641000028,0.005725083499976335,0.005235039030000052,0.00026197638157837504,0.005051775932312012,100,52723712,180879360,387,2.0269507890000114,247.48060126683083,nvml_counter,2325,70,
448,32,1,OK,0.009786471499978688,452493312,2.451739534883721,0.009272736499997335,0.010116106300017691,0.009670885109998154,0.00033858764498890365,0.00973356819152832,100,91783168,360710144,215,2.0237555539999903,260.4682166075491,nvml_counter,2347,70,
448,33,1,OK,0.010061223499974403,465764352,2.416519230769231,0.00953751929999953,0.010401973500052009,0.009942876349997505,0.0003341758413712938,0.010007632255554198,100,93880320,371884032,208,2.020395887999939,248.78094584600302,nvml_counter,2332,70,
448,64,1,OK,0.018951404999995702,888700928,4.713773584905661,0.018721440099955088,0.020005852199915353,0.019299532239995188,0.0005728060630053731,0.01893772792816162,100,169377792,719323136,106,2.0167133310000054,247.75955626387372,nvml_counter,2340,70,
448,128,1,OK,0.03684698750004145,1761116160,9.072909090909091,0.036543466899911434,0.03885673270000325,0.03728181403999429,0.0008737698544309236,0.03682737731933594,100,322469888,1438646272,55,2.031840729999999,245.59503736299263,nvml_counter,2340,70,
448,229,1,OK,0.06840287200009243,3140288512,17.48613333333333,0.0676042871999698,0.07113623520006059,0.06883848549314778,0.0013886424951419277,0.06838787078857422,73,565739520,2574548992,30,2.0458526370000527,256.41338506630007,nvml_counter,2332,70,
448,252,1,OK,0.07270838299996285,3454369792,17.759892857142855,0.07209158299997398,0.07404351499985751,0.07299649271014486,0.001214074438325913,0.07269340515136719,69,621117440,2833252352,28,2.0351179219999267,244.3480029458548,nvml_counter,2332,71,
448,256,1,OK,0.07394511699999384,3508043776,18.71875,0.07320722639990436,0.0755025507000255,0.07405636150000686,0.001033074073206353,0.07385335922241211,68,630751232,2877292544,28,2.065406047999886,253.76366090704354,nvml_counter,2332,70,
512,1,0,OK,0.0004750310000645186,32210944,0.09783469387755103,0.0004719670000667975,0.0006003084999747444,0.0005006113599870332,5.958057730073818e-05,0.00046532800793647763,100,17334272,14876672,4410,2.0456275359999836,210.91376235756903,nvml_counter,2385,69,
512,2,0,OK,0.0008889174999922034,49840128,0.20391811846689897,0.0008764894999558237,0.001066300700017564,0.000935253420002482,8.309122681707452e-05,0.0008720159828662872,100,20480000,29360128,2296,2.0218848650001746,231.56412519065947,nvml_counter,2377,69,
512,4,0,OK,0.0016624229998569717,85491712,0.39134,0.0016424989999222817,0.0018455943000390107,0.0017024973699858491,8.187297956097441e-05,0.0016418240070343018,100,26771456,58720256,1200,2.015255919999845,233.02648330641605,nvml_counter,2370,70,
512,8,0,OK,0.0032316744999434377,156794880,0.8177674796747968,0.0032258401998888075,0.003556069699948239,0.0032858727299890232,0.00012538473266671533,0.003221343994140625,100,39354368,117440512,615,2.0280927389999306,247.98027739500586,nvml_counter,2355,71,
512,16,0,OK,0.006110509499990258,299401216,1.5275762195121951,0.0060361853999438605,0.006669051799940462,0.006248115500006861,0.0002467533968703602,0.006057424068450928,100,64520192,234881024,328,2.0330588570000145,246.44884149558905,nvml_counter,2355,70,
512,32,0,OK,0.012707808000072873,584613888,3.1999030303030307,0.012150837399894953,0.013158219099977941,0.012660831719999805,0.0004045185224941984,0.01263094425201416,100,114851840,469762048,165,2.0320034630001373,259.83420285143694,nvml_counter,2362,70,
512,33,1,OK,0.01289530700000796,603488256,3.262938271604938,0.01246596129997215,0.013310342700151523,0.012907218589994045,0.0003887058135525096,0.012729903697967528,100,119046144,484442112,162,2.037418749000153,259.4439656842288,nvml_counter,2355,70,
512,64,0,OK,0.02462503300012031,1155039232,6.065560975609756,0.024319008599900372,0.02608102850006162,0.025054171580011372,0.0007186422811547783,0.024611039161682127,100,215515136,939524096,82,2.028290581999954,245.2193016197771,nvml_counter,2340,70,
512,128,0,OK,0.04790805049992741,2295889920,11.899142857142857,0.04769697039994299,0.049710964099858757,0.04831094652998672,0.0008417721481038325,0.047882846832275394,100,416841728,1879048192,42,2.0165344230001665,247.8331112525515,nvml_counter,2340,70,
512,229,1,OK,0.08551921200000834,4097343488,20.811916666666665,0.08510949900005471,0.08678620000000592,0.08589757188137116,0.001029554095788787,0.08547622680664063,59,735608832,3361734656,24,2.05623235500002,242.9132090959609,nvml_counter,2340,71,
512,252,1,OK,0.09405019999985598,4506288128,23.83868181818182,0.0936012588000267,0.09587017479998394,0.09446423249055184,0.0010837785018659913,0.09402925109863282,53,806912000,3699376128,22,2.074732534000077,252.7800530456137,nvml_counter,2340,70,
512,256,0,OK,0.09606169400001363,4577591296,23.785999999999998,0.09520365780008433,0.10063491459986836,0.09688727042307094,0.0020415478642271433,0.09600209426879883,52,819494912,3758096384,21,2.0103795840000203,248.46352598057172,nvml_counter,2332,70,
