S,B,is_validation,flops,flops_equations,bytes_io,ArI,t_compute_s,t_memory_s,t_roofline_s,t_roofline_layers_s,latency_s,roofline_efficiency,achieved_tflops,achieved_GBps,energy_j,energy_tdp_j,energy_limit_j,avg_power_w,memory_bytes,memory_model_bytes,memory_model_peak_layer,memory_equations_bytes,cudnn_workspace_bytes
32,1,0,18450432,18450432,4559008,4.047027774463216,4.4e-07,5.088178571428572e-06,5.088178571428572e-06,5.088178571428572e-06,0.000249811499998,0.0203680718120235,0.0738574164926263,18.249792343573052,0.0119494791666666,0.0749434499994,0.062452874999499995,56.773903390367785,16648192,14258176,pool1,4367120.0,2390016
32,2,0,36900864,36900864,4956720,7.444613373359802,8.8e-07,5.532053571428572e-06,5.532053571428572e-06,5.561201312576312e-06,0.0002595930000666,0.021422770687767215,0.14214891769243732,19.09419745034853,0.0125365668402777,0.07787790001998,0.06489825001665,57.127746878919645,16685056,14327808,pool1,4574368.0,2357248
32,4,0,73801728,73801728,5752144,12.830299102386867,1.76e-06,6.419803571428572e-06,6.419803571428572e-06,6.714271214896215e-06,0.0002628344999493,0.02554562363841649,0.28079163128978935,21.88504173200083,0.0130185307017543,0.07885034998479,0.06570862498732499,58.98307515063654,16758784,14467072,pool1,4988864.0,2291712
32,8,0,147603456,147603456,7342992,20.10126880160022,3.52e-06,8.195303571428571e-06,8.195303571428571e-06,9.033810286935286e-06,0.0002584030000321,0.03496016023735431,0.5712141731391045,28.416821782594702,0.013784298265375,0.07752090000963001,0.06460075000802501,61.03705696004914,16906240,14745600,pool1,5817856.0,2160640
32,16,0,295206912,295206912,10524688,28.04899413645326,7.04e-06,1.1746303571428572e-05,1.1746303571428572e-05,1.3805108211233211e-05,0.0002670044999604,0.05170365373347893,1.1056252311994097,39.417642779657044,0.0154369097735806,0.08010134998812,0.0667511249901,67.0913452143886,17201152,15302656,pool1,7475840.0,1898496
32,32,0,590413824,590413824,16888080,34.960387681725805,1.408e-05,1.884830357142857e-05,1.884830357142857e-05,2.3780934829059827e-05,0.0002830170000152,0.08402652429989231,2.0861426132292076,59.671609829420106,0.0198091650197628,0.08490510000456,0.0707542500038,78.59553386454989,18829312,16416768,pool1,10791808.0,2412544
32,33,1,608864256,608864256,17285792,35.22339364027983,1.452e-05,1.929217857142857e-05,1.929217857142857e-05,2.4479325091575093e-05,0.0002924954999912,0.08369128787387012,2.08161922497378,59.09763398247173,0.0231558139534883,0.08774864999736,0.0731238749978,84.04337023988862,19904512,16486400,pool1,10999056.0,3418112
32,64,0,1180827648,1180827648,29614864,39.87280333281287,2.816e-05,3.305230357142857e-05,3.305230357142857e-05,4.626695680708181e-05,0.0003217209999775,0.14381080753297903,3.670346816286729,92.05138614535934,0.0294142535633908,0.09651629999325,0.080430249994375,95.89168663284428,22085632,18644992,pool1,17423744.0,3440640
32,128,0,2361655296,2361655296,55068432,42.88582787321782,5.632e-05,6.146030357142857e-05,6.146030357142857e-05,9.168661004273504e-05,0.000515504999953,0.17785784822861922,4.5812461493396155,106.8242441974777,0.0550759654471544,0.1546514999859,0.12887624998825,106.00853380751452,28598272,23101440,pool1,30687616.0,5496832
32,229,1,4225148928,4225148928,95237344,44.36441369049519,0.00010076,0.00010629167857142857,0.00010629167857142857,0.00016342467124542124,0.0006894019999776,0.23705279539474966,6.128715797368274,138.14486178324756,0.0904315972222222,0.20682059999328,0.1723504999944,128.97585595528383,39589888,30134272,pool1,51619664.0,9455616
32,252,1,4649508864,4649508864,104384720,44.54204469772971,0.00011088,0.00011650080357142857,0.00011650080357142857,0.00017981228708791207,0.0007061575000193,0.25463481883715405,6.584237742816475,147.82073403900273,0.0984083623693379,0.21184725000579,0.176539375004825,140.2219556192973,41820160,31735808,pool1,56386368.0,10084352
32,256,0,4723310592,4723310592,105975568,44.56980680679154,0.00011264,0.00011827630357142856,0.00011827630357142856,0.00018266230723443225,0.0007148464999886,0.2555266161859158,6.607447322012942,148.24940459481866,0.0930784729586426,0.21445394999658,0.17871162499715,130.323570219231,41820160,32014336,pool1,57215360.0,9805824
64,1,0,72861696,72861696,5726368,12.723893399795472,1.7375824175824175e-06,6.3910357142857144e-06,6.3910357142857144e-06,6.685503357753358e-06,0.0002155290000018,0.03101904318072057,0.33805982489313036,26.568897920707542,0.0123936630745141,0.06465870000054,0.05388225000045,66.70999724527287,19873792,14467072,pool1,4969232.0,5406720
64,2,0,145723392,145723392,7291440,19.98554359632665,3.475164835164835e-06,8.137767857142856e-06,8.137767857142856e-06,8.976274572649573e-06,0.0002145530000348,0.04183709652716878,0.6791953129360297,33.98433020660324,0.0124035247922564,0.06436590001044,0.0536382500087,66.51680051647882,20021248,14745600,pool1,5778592.0,5275648
64,4,0,291446784,291446784,10421584,27.965689668672248,6.95032967032967e-06,1.1631232142857144e-05,1.1631232142857144e-05,1.3690036782661783e-05,0.0003598934999899,0.03803913319647612,0.8098139699888416,28.957411012681447,0.0365128458498023,0.10796804999696999,0.089973374997475,108.5459697126644,54624256,15302656,pool1,7397312.0,39321600
64,8,0,582893568,582893568,16681872,34.9417360353802,1.390065934065934e-05,1.8618160714285715e-05,1.8618160714285715e-05,2.3550791971916968e-05,0.0003688180000267,0.06385477924128445,1.5804368766106924,45.23063407640718,0.0416480620155038,0.11064540000800999,0.09220450000667499,119.34076415992996,57704448,16416768,pool1,10634752.0,41287680
64,16,0,1165787136,1165787136,29202448,39.92087019553977,2.780131868131868e-05,3.259201785714286e-05,3.259201785714286e-05,4.5806671092796095e-05,0.0003895440000292,0.1175904932160743,2.992696937733897,74.9657240204213,0.0497974200581395,0.11686320000876001,0.09738600000730001,134.849288649568,65568768,18644992,pool1,17109632.0,46923776
64,32,0,2331574272,2331574272,54243600,42.98339844700573,5.560263736263736e-05,6.053973214285714e-05,6.053973214285714e-05,9.076603861416362e-05,0.0002963990000353,0.3062292335782298,7.866336498174146,183.00871458250464,0.0414172203765227,0.08891970001058999,0.07409975000882499,146.9546329400649,28598272,23101440,pool1,30059392.0,5496832
64,33,1,2404435968,2404435968,55808672,43.0835546131612,5.7340219780219784e-05,6.228646428571429e-05,6.228646428571429e-05,9.357599908424909e-05,0.0003156445000058,0.29646009698420095,7.6175443194981005,176.8086312258712,0.0454745363556078,0.09469335000174,0.07891112500145,151.1529609245852,34177024,23379968,pool1,30868752.0,10797056
64,64,0,4663148544,4663148544,104325904,44.69789731225334,0.00011120527472527472,0.00011643516071428572,0.00011643516071428572,0.00018068477365689866,0.0004313819999879,0.4188509804812597,10.809789337827723,241.8411153059847,0.0813726708074534,0.12941459999637,0.107845499996975,193.7985246268167,41820160,32014336,pool1,55958912.0,9805824
64,128,0,9326297088,9326297088,204490512,45.6074807421872,0.00022241054945054944,0.00022822601785714287,0.00022822601785714287,0.00036052224374236874,0.00075604750009,0.47685131383868357,12.335596754026428,270.4731011949083,0.1539833702882483,0.226814250027,0.1890118750225,205.37408489910305,68714496,49840128,pool1,107757952.0,18874368
64,229,1,16685328384,16685328384,362562784,46.02052146642828,0.0003979063736263736,0.0004046459642857143,0.0004046459642857143,0.0006443884221611721,0.0018916605000072,0.34064697241324193,8.820466666157323,191.663770533148,0.432780487804878,0.56749815000216,0.4729151250018,225.55089754613903,274956288,77971456,pool1,189503312.0,196984832
64,252,1,18361147392,18361147392,398559440,46.068780586403875,0.00043787076923076923,0.0004448208035714286,0.0004448208035714286,0.0007090824409340658,0.001933747999999,0.3666881315116719,9.495108665663517,206.1072280360244,0.4549131707317073,0.5801243999997,0.48343699999975,232.1263951405057,298024960,84377600,pool1,208118592.0,213647360
64,256,0,18652594176,18652594176,404819728,46.07629738835258,0.0004448210989010989,0.0004518077321428571,0.0004518077321428571,0.0007203335746336996,0.0019231320000017,0.37456273133256734,9.69907119011254,210.50022983323151,0.4360419512195121,0.57693960000051,0.480783000000425,223.3115679396817,301498368,85491712,pool1,211356032.0,216006656
112,1,1,222492672,222492672,8936608,24.896769781107103,5.305934065934066e-06,9.973892857142857e-06,9.973892857142857e-06,1.1414528998778999e-05,0.0003900289999592,0.029265846898494843,0.570451612632072,22.91267572650966,0.029579215116279,0.11700869998776,0.09750724998980001,81.17043005706337,33514496,15041536,pool1,6625040.0,18472960
112,2,1,444985344,444985344,13711920,32.452446046943095,1.0611868131868132e-05,1.5303482142857142e-05,1.5303482142857142e-05,1.8763468711843714e-05,0.0003929855000137,0.04774595681313839,1.132320006678331,34.89166902982931,0.0316522614905694,0.11789565000411,0.098246375003425,84.86648570254745,33966080,15894528,pool1,9090208.0,18071552
112,4,1,889970688,889970688,23262544,38.257668120907155,2.1223736263736264e-05,2.5962660714285715e-05,2.5962660714285715e-05,3.522205143467643e-05,0.0004938055000138,0.07132778276809817,1.8022696952041413,47.10871790482264,0.0566251768033946,0.14814165000414,0.12345137500345,118.41068302203804,55840768,17600512,pool1,14020544.0,38240256
112,8,1,1779941376,1779941376,42363792,42.01562919580004,4.244747252747253e-05,4.728101785714286e-05,4.728101785714286e-05,6.953311187423688e-05,0.0003128944999843,0.22222542063770961,5.688631075615939,135.39321401343162,0.0434967056004791,0.09386834999528999,0.07822362499607499,144.4240464184253,36675584,21012480,pool1,23881216.0,15663104
112,16,1,3559882752,3559882752,80566288,44.18576107167802,8.489494505494506e-05,8.991773214285714e-05,8.991773214285714e-05,0.0001382189201770452,0.0003593079999859,0.38468088710095294,9.907607824317013,224.22625714752132,0.0626253854059609,0.10779239999576999,0.08982699999647499,181.3186301525271,37011456,27836416,pool1,43602560.0,9175040
112,32,1,7119765504,7119765504,156971280,45.357122041688136,0.00016978989010989012,0.0001751911607142857,0.0001751911607142857,0.00027559053678266176,0.0005651254999747,0.4876625400818042,12.598556434488877,277.7635764215691,0.1189986141906873,0.16953764999241,0.141281374993675,214.57570765767767,51707904,41484288,pool1,83045248.0,10223616
112,33,1,7342258176,7342258176,161746592,45.39358811343611,0.0001750958241758242,0.00018052075,0.00018052075,0.00028417626282051283,0.0005909385000109,0.48088974202099055,12.42474162009172,273.7113794362976,0.1235549886621315,0.17728155000327,0.147734625002725,214.43540181484303,52159488,42337280,pool1,85510416.0,9822208
112,64,1,14239531008,14239531008,309781264,45.96640488883795,0.00033957978021978023,0.00034573801785714285,0.00034573801785714285,0.000550333769993895,0.0009954750000247,0.5528353499387126,14.30425777407437,311.1893960092555,0.2300356097560975,0.29864250000741005,0.24886875000617503,231.7111582402353,78741504,68780032,pool1,161930624.0,9961472
112,128,1,28479062016,28479062016,615401232,46.27722619833819,0.0006791595604395605,0.0006868317321428571,0.0006868317321428571,0.0010998202364163614,0.0019956460000116,0.5511098844233739,14.27059809998089,308.37194171532576,0.435662,0.5986938000034799,0.49891150000289997,216.04240127108625,214597632,123371520,pool1,319701376.0,91226112
112,229,1,50950821888,50950821888,1097707744,46.41565313399119,0.0012150589010989012,0.00122512025,0.00122512025,0.001967038737179487,0.0036896180000098,0.5331280195332586,13.80924038419822,297.51257284550445,0.887187617260788,1.10688540000294,0.92240450000245,235.8643874069018,344865792,209523712,pool1,568683344.0,135342080
112,252,1,56068153344,56068153344,1207539920,46.43171825242846,0.0013370953846153846,0.0013477008035714287,0.0013477008035714287,0.002164575364010989,0.004102486000022,0.5276252896413008,13.666872560613086,294.3434590620235,0.9160060975609756,1.2307458000065998,1.0256215000054998,225.1868159043561,374206464,229142528,pool1,625382208.0,145063936
112,256,1,56958124032,56958124032,1226641168,46.43421851303788,0.001358319120879121,0.0013690191607142858,0.0013690191607142858,0.002198929559981685,0.003925525999989,0.5601617617582578,14.50967947535174,312.47816674846564,0.8907063492063492,1.1776577999967,0.9813814999972499,221.5387223357128,380403712,232554496,pool1,635242880.0,147849216
128,1,0,290506752,290506752,10395808,27.94460536400826,6.927912087912088e-06,1.1602464285714285e-05,1.1602464285714285e-05,1.3661268925518925e-05,0.000225837500011,0.06049158764533578,1.2863530281102569,46.03224884925509,0.014854121581743,0.0677512500033,0.05645937500275,74.0076068520237,15302656,15302656,pool1,7377680.0,0
128,2,0,581013504,581013504,16630320,34.93700085145686,1.3855824175824176e-05,1.8560625e-05,1.8560625e-05,2.3493256257631255e-05,0.0002321519999668,0.10119773364429778,2.502728833191575,71.63548021287043,0.0195008785529715,0.06964559999004,0.0580379999917,93.65286143657876,16416768,16416768,pool1,10595488.0,0
128,4,0,1162027008,1162027008,29099344,39.93309979771365,2.7711648351648353e-05,3.247694642857143e-05,3.247694642857143e-05,4.569159966422467e-05,0.0005588629999806,0.08175814048489662,2.0792698891147525,52.06883261373564,0.0830841326390792,0.16765889999418,0.13971574999515,150.6700436600984,58884096,18644992,pool1,17031104.0,40239104
128,8,0,2324054016,2324054016,54037392,43.00825650505117,5.5423296703296705e-05,6.030958928571429e-05,6.030958928571429e-05,9.053589575702076e-05,0.0003269595000006,0.27690247800371187,7.1080791841060895,165.2724328239456,0.0490698621553884,0.09808785000018,0.08173987500015,154.49917587551084,37781504,23101440,pool1,29902336.0,14680064
128,16,0,4648108032,4648108032,103913488,44.730555402009024,0.00011084659340659341,0.000115974875,0.000115974875,0.00018022448794261295,0.0004744845000459,0.37983219246398703,9.796121962994278,219.00291366724892,0.0952713124274099,0.14234535001377,0.118621125011475,203.30662890338647,32210944,32014336,pool1,55644800.0,196608
128,32,0,9296216064,9296216064,203665680,45.64448985219306,0.00022169318681318682,0.00022730544642857143,0.00022730544642857143,0.00035960167231379733,0.0009175010000035,0.39193600041027266,10.132104557885537,221.97870083980627,0.1910396825396825,0.27525030000105,0.229375250000875,212.9708093089216,49840128,49840128,pool1,107129728.0,0
128,33,1,9586722816,9586722816,209900192,45.67276820785376,0.0002286210989010989,0.00023426360714285714,0.00023426360714285714,0.0003708127463369963,0.000923021500057,0.4017379295217904,10.38623999051808,227.40552845956228,0.2070794941282746,0.2769064500171,0.23075537501425,224.97021104042412,50954240,50954240,pool1,110347536.0,0
128,64,0,18592432128,18592432128,403170064,46.115606757946196,0.00044338637362637364,0.0004499665892857143,0.0004499665892857143,0.0007183560410561661,0.0023135085000376,0.31050503641741156,8.036465881883654,174.26781185089553,0.543534262485482,0.69405255001128,0.5783771250094,230.46656085172432,194543616,85491712,pool1,210099584.0,109051904
128,128,0,37184864256,37184864256,802178832,46.35483108335125,0.0008867727472527473,0.000895288875,0.000895288875,0.0014358647785409034,0.004424935500026,0.32449394539930954,8.4034816452763,181.28599433715735,1.1397450110864744,1.3274806500078,1.1062338750065002,251.07308595417976,339247104,156794880,pool1,416039296.0,182452224
128,229,1,66526046208,66526046208,1431864544,46.46113103838403,0.001586491868131868,0.0015980631071428571,0.0015980631071428571,0.0025682434258241754,0.0115594160000114,0.22217761051437568,5.755139031931578,123.86997266977743,2.746488888888889,3.46782480000342,2.88985400000285,244.0415487252833,930512896,269320192,pool1,741037904.0,661192704
128,252,1,73207701504,73207701504,1575258320,46.473458082735284,0.0017458338461538462,0.0017581008035714287,0.0017581008035714287,0.002826163056318681,0.0092920880000519,0.30414725477232846,7.878498514391072,169.5268404680629,2.3964727272727275,2.78762640001557,2.323022000012975,259.10549243559694,995393536,294944768,pool1,815047488.0,700448768
128,256,0,74369728512,74369728512,1600196368,46.47537639705479,0.0017735454945054946,0.0017859334464285714,0.0017859334464285714,0.0028710186442307693,0.009499491500037,0.3022286660522394,7.828811522354679,168.4507394941895,2.3396976744186047,2.8498474500111,2.3748728750092503,251.2993621017212,1004044288,299401216,pool1,827918720.0,704643072
224,1,0,889030656,889030656,23236768,38.259651944711074,2.1201318681318682e-05,2.593389285714286e-05,2.593389285714286e-05,3.519328357753357e-05,0.0002445599999987,0.14390449614704223,3.6352251226886074,95.01458946730259,0.0258784536541889,0.07336799999961,0.061139999999674996,114.86146893172116,17600512,17600512,pool1,14000912.0,0
224,2,0,1778061312,1778061312,42312240,42.0223867136318,4.2402637362637364e-05,4.7223482142857145e-05,4.7223482142857145e-05,6.947557615995115e-05,0.0002896254999882,0.23988072929621787,6.139173905862717,146.09293726458444,0.0438949432125473,0.08688764999646,0.07240637499705,158.7778621256118,21012480,21012480,pool1,23841952.0,0
224,4,0,3556122624,3556122624,80463184,44.195648832390226,8.480527472527473e-05,8.980266071428571e-05,8.980266071428571e-05,0.00013810384874847373,0.0004156585000032,0.33225315673181355,8.555394931109607,193.5800278338601,0.0798380081300813,0.12469755000096,0.1039146250008,194.93975419510176,28639232,27836416,pool1,43524032.0,802816
224,8,0,7112245248,7112245248,156765072,45.36881307336114,0.00016961054945054945,0.00017496101785714286,0.00017496101785714286,0.0002753603939255189,0.0007127595000042,0.38633002285328544,9.978464331879252,219.94104883775836,0.1470473867595818,0.21382785000126,0.17818987500105002,207.3671273631861,41484288,41484288,pool1,82888192.0,0
224,16,0,14224490496,14224490496,309368848,45.979065403508244,0.0003392210989010989,0.00034527773214285714,0.00034527773214285714,0.0005498734842796092,0.0013295680000169,0.4135730434792503,10.698580663658566,232.68373486430752,0.2996545814106789,0.39887040000507,0.33239200000422503,225.3054747183286,68780032,68780032,pool1,161616512.0,0
224,32,0,28448980992,28448980992,614576400,46.29038959517482,0.0006784421978021978,0.0006859111607142857,0.0006859111607142857,0.00109889966498779,0.0026396545000011,0.41630435535685906,10.777539633307368,232.82456094149592,0.6407560975609756,0.79189635000033,0.659913625000275,231.54873925222813,124420096,123371520,pool1,319073152.0,1048576
224,33,1,29338011648,29338011648,633651872,46.29988948884538,0.0006996435164835164,0.00070720075,0.00070720075,0.0011332138012820512,0.0027024380000284,0.4193301756673575,10.85612755877903,234.4741570364763,0.6676043360433604,0.8107314000085201,0.6756095000071001,241.6541091835299,127553536,126783488,pool1,328914192.0,770048
224,64,0,56897961984,56897961984,1224991504,46.44763804337373,0.0013568843956043956,0.0013671780178571428,0.0013671780178571428,0.0021969520264041513,0.0050561264999942,0.43451286798434957,11.253271053258906,242.27865026743402,1.2989586563307494,1.51683794999826,1.26403162499855,250.9942751678779,233603072,232554496,pool1,633986432.0,1048576
224,128,0,113795923968,113795923968,2445821712,46.52666357882099,0.0027137687912087913,0.0027297117321428573,0.0027297117321428573,0.004393056749236874,0.0106939014999625,0.41080018824301673,10.641198066804622,228.71182346392254,2.5481632653061226,3.2081704499887502,2.673475374990625,247.23034591516856,790659072,450920448,pool1,1263812992.0,339738624
224,229,1,203588020224,203588020224,4372444384,46.56160315474467,0.004855101978021978,0.00487996025,0.00487996025,0.007858844685897435,0.0199239314999886,0.394442466633753,10.21826541735081,219.4569070869623,4.91462,5.97717944999658,4.98098287499715,244.1523098218572,1178587136,795529216,pool1,2257758032.0,383057920
224,252,1,224035725312,224035725312,4811180240,46.565647956685154,0.005342732307692308,0.0053696208035714284,0.0053696208035714284,0.008648134748626373,0.0210521270000185,0.4107962463184254,10.641952013295528,228.53653884929403,5.090979591836735,6.3156381000055495,5.263031750004624,244.70372678343224,1266057216,874004480,pool1,2484101952.0,392052736
224,256,0,227591847936,227591847936,4887482128,46.56627727232888,0.0054275375824175826,0.0054547791607142855,0.0054547791607142855,0.00878540258562271,0.0200313415000437,0.43858283708075885,11.36178762343518,243.99175302309823,4.99804,6.009402450013109,5.007835375010925,248.0977530045777,1281916928,887652352,pool1,2523466112.0,394264576
256,1,0,1161086976,1161086976,29073568,39.9361707513849,2.768923076923077e-05,3.244817857142857e-05,3.244817857142857e-05,4.566283180708181e-05,0.0002486994999912,0.1836064479771674,4.668634138955181,116.90239827996736,0.0295209181365897,0.07460984999735999,0.06217487499779999,128.51470657867347,18644992,18644992,pool1,17011472.0,0
256,2,0,2322173952,2322173952,53985840,43.01450069129238,5.537846153846154e-05,6.025205357142857e-05,6.025205357142857e-05,9.047836004273504e-05,0.0003158000000098,0.2865052566178825,7.353305737580551,170.94946167930559,0.0506897262290256,0.09474000000293999,0.07895000000244999,168.70521123806904,23101440,23101440,pool1,29863072.0,0
256,4,0,4644347904,4644347904,103810384,44.73876046928022,0.00011075692307692308,0.00011585980357142857,0.00011585980357142857,0.0001801094165140415,0.0004759785000487,0.37839821860780165,9.757474137014196,218.09889309995847,0.0999018140589569,0.14279355001461,0.11899462501217499,215.90374506901767,32210944,32014336,pool1,55566272.0,196608
256,8,0,9288695808,9288695808,203459472,45.653789016025755,0.00022151384615384616,0.00022707530357142858,0.00022707530357142858,0.00035937152945665445,0.0008777030000146,0.40944548378059153,10.582960076296297,231.80901967592177,0.1887419217687075,0.26331090000438,0.21942575000365,216.9586640143281,49840128,49840128,pool1,106972672.0,0
256,16,0,18577391616,18577391616,402757648,46.125484415382225,0.0004430276923076923,0.0004495063035714286,0.0004495063035714286,0.0007178957553418803,0.0016886119999526,0.42513955565993367,11.001575031162563,238.5140269116325,0.3875777964676198,0.50658359998578,0.42215299998815,228.09019727885507,85491712,85491712,pool1,209785472.0,0
256,32,0,37154783232,37154783232,801354000,46.36500626689328,0.0008860553846153846,0.0008943683035714286,0.0008943683035714286,0.0014349442071123321,0.0032230744999992,0.4452097545721293,11.527745707401186,248.63030624957597,0.8024861788617886,0.9669223499997599,0.8057686249998,243.8491713516364,156794880,156794880,pool1,415411072.0,0
256,33,1,38315870208,38315870208,826266272,46.372303343878954,0.0009137446153846154,0.0009221721785714286,0.0009221721785714286,0.0014797597353479854,0.0033413559999644,0.44286204025065007,11.467161897268124,247.28471674637584,0.8418027210884355,1.00240679998932,0.8353389999911001,246.8476387572708,162299904,161251328,pool1,428262672.0,1048576
256,64,0,74309566464,74309566464,1598546704,46.48570246840908,0.0017721107692307693,0.0017840923035714286,0.0017840923035714286,0.002869041110653236,0.0098699840000335,0.290683461152875,7.528843660106014,161.9604149302141,2.446,2.96099520001005,2.4674960000083748,256.8966205704549,718831616,299401216,pool1,826662272.0,419430400
256,128,0,148619132928,148619132928,3192932112,46.546286521233746,0.0035442215384615386,0.0035635403035714284,0.0035635403035714284,0.005737234917735042,0.0182543000000237,0.3142949835232024,8.14159583921635,174.91397161194098,4.537736363636364,5.47629000000711,4.563575000005925,247.102895639088,1138262016,584613888,pool1,1649164672.0,553648128
256,229,1,265888917504,265888917504,5709071584,46.57305721111799,0.006340833846153846,0.0063717316785714285,0.0063717316785714285,0.010263663440476188,0.0337726134999911,0.30390492108284406,7.872915061905709,169.04441179837934,8.69675,10.131784049997329,8.443153374997774,256.4872516324568,1802272768,1034715136,pool1,2947176272.0,767557632
256,252,1,292593917952,292593917952,6282053840,46.576155729349814,0.006977686153846154,0.0070112208035714284,0.0070112208035714284,0.011294485517857143,0.0233914979999667,0.4828457552343685,12.508558363915665,268.56141663133087,5.798593023255814,7.01744939999001,5.847874499991675,246.6413047992591,1138262016,1137213440,pool1,3242763072.0,1048576
256,256,0,297238265856,297238265856,6381702928,46.57663780491163,0.007088443076923077,0.007122436303571429,0.007122436303571429,0.011473758922619048,0.0237291130000016,0.48353088135314093,12.52631170225284,268.93980099465034,6.0872,7.11873390000048,5.9322782500004,241.7603994058062,1155039232,1155039232,pool1,3294169472.0,0
272,1,1,1310717952,1310717952,32283808,40.599855878216104,3.125758241758242e-05,3.603103571428572e-05,3.603103571428572e-05,5.1438597374847374e-05,0.0002748214999996,0.18717093595269016,4.769342835265464,117.47191540708054,0.0347489399974303,0.08244644999988,0.0687053749999,133.71351735404534,19219456,19219456,pool1,18667280.0,0
272,2,1,2621435904,2621435904,60406320,43.39671584032929,6.251516483516484e-05,6.741776785714285e-05,6.741776785714285e-05,0.00010202989117826617,0.0003761760000315,0.2712291352178833,6.968642081845965,160.57994129062388,0.061372113997114,0.11285280000945,0.09404400000787501,169.09978705281077,24250368,24250368,pool1,33174688.0,0
272,4,1,5242871808,5242871808,116651344,44.94480413358975,0.00012503032967032968,0.00013019123214285714,0.00013019123214285714,0.0002032124787851038,0.0005674750000252,0.3580994383472042,9.238947632525095,205.56208466420517,0.114240576496674,0.17024250000756,0.1418687500063,205.12658708659689,34312192,34312192,pool1,62189504.0,0
272,8,1,10485743616,10485743616,229141392,45.76101910038148,0.00025006065934065936,0.0002557381607142857,0.0002557381607142857,0.00040557765399877897,0.0010090139999761,0.4019544367158292,10.39206950175951,227.09436341361723,0.2322961672473867,0.30270419999283,0.252253499994025,229.08565517030468,54435840,54435840,pool1,120219136.0,0
272,16,1,20971487232,20971487232,454121488,46.18034553784427,0.0005001213186813187,0.0005068320178571429,0.0005068320178571429,0.0008103080044261294,0.0019675189999475,0.41184253084608136,10.658848647743472,230.80920083217367,0.47667,0.59025569998425,0.491879749986875,235.4461643269107,95322112,94683136,pool1,236278400.0,638976
272,32,1,41942974464,41942974464,904081680,46.39290386240323,0.0010002426373626374,0.001009019732142857,0.001009019732142857,0.0016197687052808304,0.0040316569999845,0.4017625272405509,10.403408440787807,224.24568359944206,0.9514573643410852,1.20949709999535,1.0079142499961251,244.40510311315893,176128000,175177728,pool1,468396928.0,950272
272,33,1,43253692416,43253692416,932204192,46.39937557371551,0.0010315002197802197,0.0010404064642857143,0.0010404064642857143,0.001670359999084249,0.0038815719999547,0.4303308038866065,11.143344092678118,240.16150982408138,0.9663158914728682,1.16447159998641,0.970392999988675,244.3735481356384,181053440,180208640,pool1,482904336.0,844800
272,64,1,83885948928,83885948928,1804002064,46.499918487898135,0.002000485274725275,0.002013395160714286,0.002013395160714286,0.003238690106990232,0.0107264050000139,0.3019362132034018,7.820509194636161,168.18328824966636,2.6964642857142853,3.21792150000417,2.681601250003475,260.0413804050886,736133120,336166912,pool1,932633984.0,399966208
272,128,1,167771897856,167771897856,3603842832,46.55361115259646,0.00400097054945055,0.004022146017857143,0.004022146017857143,0.006476532910409036,0.0198536750000357,0.32621330360235024,8.450420280159635,181.52018868010686,5.117205882352941,5.95610250001071,4.963418750008924,256.5919413855537,1172865024,658145280,pool1,1861108096.0,514719744
272,229,1,300154411008,300154411008,6444216544,46.57733162108961,0.007157986373626374,0.007192205964285714,0.007192205964285714,0.011586313755494505,0.0254878865000023,0.4545811892050547,11.776355446653959,252.8344805678344,6.0082289156626505,7.64636595000069,6.371971625000575,246.74236185430985,1168166912,1166267392,pool1,3326356304.0,1899520
272,252,1,330300923904,330300923904,7091034320,46.58007689687786,0.007876910769230768,0.007914100803571428,0.007914100803571428,0.012749978440934066,0.0276531374999535,0.4610680593099248,11.944428508503075,256.42784006017126,6.846342465753425,8.29594124998605,6.913284374988375,246.59618645761,1282646016,1281978368,pool1,3660026688.0,667648
272,256,1,335543795712,335543795712,7203524368,46.580504010311415,0.0080019410989011,0.008039647732142857,0.008039647732142857,0.012952354907967034,0.0285122694999699,0.45427302474047915,11.76840011674112,252.6464744592711,6.86741095890411,8.55368084999097,7.128067374992475,249.54380581772128,1303150592,1302102016,pool1,3718056320.0,1048576
368,1,1,2398943232,2398943232,55631008,43.122411731241684,5.720923076923077e-05,6.208817857142856e-05,6.208817857142856e-05,9.344416514041515e-05,0.000323448500012,0.2888996706954843,7.416770310918118,171.99340234360673,0.0552957637600494,0.0970345500036,0.080862125003,176.41192615115943,23822336,23397376,pool1,30709520.0,424960
368,2,1,4797886464,4797886464,107100720,44.7978917788788,0.00011441846153846154,0.00011953205357142858,0.00011953205357142858,0.00018604102670940172,0.0004880940000475,0.38115819225660774,9.829841103420822,219.4264219383505,0.104267575322812,0.14642820001425,0.122023500011875,216.86491372836565,32606208,32606208,pool1,57259168.0,0
368,4,1,9595772928,9595772928,210040144,45.68542348742629,0.0002288369230769231,0.00023441980357142856,0.00023441980357142856,0.00037123474984737486,0.000914707999982,0.405850555428268,10.490531326050313,229.6253492963145,0.2165731481481481,0.2744123999946,0.2286769999955,230.9715349961984,51023872,51023872,pool1,110358464.0,0
368,8,1,19191545856,19191545856,415918992,46.14250905859091,0.0004576738461538462,0.00046419530357142856,0.00046419530357142856,0.0007416221961233212,0.001774714000021,0.41788265383298134,10.813880915895691,234.35832026742253,0.4112282229965157,0.5324142000063,0.44367850000525,234.2326599286975,89808896,87859200,pool1,216557056.0,1949696
368,16,1,38383091712,38383091712,827676688,46.37449896619536,0.0009153476923076924,0.0009237463035714285,0.0009237463035714285,0.0014823970886752138,0.0034063254999523,0.4351894992700998,11.268180833727572,242.98226579097926,0.8686149825783972,1.02189764998569,0.851581374988075,248.6212152601682,162512896,161529856,pool1,428954240.0,983040
368,32,1,76766183424,76766183424,1651192080,46.49137090337788,0.0018306953846153847,0.0018428483035714286,0.0018428483035714286,0.0029639468737789987,0.0084993395000196,0.34872673032676993,9.032017537812553,194.27298791820144,2.0336367346938773,2.54980185000588,2.1248348750049,244.5883566313662,581107712,308871168,pool1,853748608.0,272236544
368,33,1,79165126656,79165126656,1702661792,46.49492167379298,0.0018879046153846154,0.0019002921785714285,0.0019002921785714285,0.0030565437353479853,0.0097372929999437,0.31390076640044184,8.1300959780565,174.8598703982559,2.500095238095238,2.92118789998311,2.4343232499859253,261.7839733023395,590369792,318080000,pool1,880298256.0,272289792
368,64,1,153532366848,153532366848,3298222864,46.55002805413819,0.0036613907692307694,0.0036810523035714286,0.0036810523035714286,0.005927046443986569,0.0159576304999404,0.3714239682394392,9.621250902417716,206.6862535770783,4.122626984126985,4.7872891499821195,3.9894076249850996,255.74528850634985,862814208,603553792,pool1,1703337344.0,259260416
368,128,1,307064733696,307064733696,6592284432,46.579412169392874,0.007322781538461539,0.007357460303571429,0.007357460303571429,0.011853245584401711,0.0250297595000006,0.47356609976222214,12.26798578292343,263.3778575459282,6.5611625,7.5089278500001795,6.257439875000149,261.0782730989808,1193967616,1192919040,pool1,3402514816.0,1048576
368,229,1,549358000128,549358000128,11790725344,46.59238376776831,0.013100913846153845,0.013159291678571428,0.013159291678571428,0.021205588773809528,0.0462460200000691,0.4585386758423285,11.87903305251304,254.95654207610474,11.673046511627906,13.87380600002073,11.561505000017275,249.34284005800583,2123842560,2123011072,pool1,6084029264.0,831488
368,252,1,604533694464,604533694464,12974528720,46.59388464200031,0.014416726153846154,0.014480500803571428,0.014480500803571428,0.023335381517857145,0.0514162580000174,0.45385219433606483,11.757636941680886,252.34292079356706,12.4818,15.42487740000522,12.85406450000435,244.7409872762076,2335371264,2334814208,pool1,6694671168.0,557056
368,256,1,614129467392,614129467392,13180407568,46.59411814267502,0.014645563076923078,0.014710276303571428,0.014710276303571428,0.02370578025595238,0.0499503304999962,0.4745870551538029,12.294802882075961,263.87027745494106,12.531575,14.98509914999886,12.48758262499905,250.335640197794,2372698112,2371649536,pool1,6800869760.0,1048576
384,1,0,2612054016,2612054016,60203168,43.38731835507394,6.229142857142857e-05,6.719103571428571e-05,6.719103571428571e-05,0.00010167025549450548,0.0003761254999972,0.270309392729986,6.944634213897875,160.06138376804597,0.0618842494714587,0.11283764999916,0.0940313749993,171.6609577158192,24215552,24215552,pool1,33067792.0,0
384,2,0,5224108032,5224108032,116245040,44.94048117665923,0.00012458285714285713,0.00012973776785714285,0.00012973776785714285,0.0002024932074175824,0.0005595144999688,0.36190877524867354,9.336859066728941,207.76054955945224,0.1122935050698821,0.16785434999064,0.1398786249922,203.9702966913208,34242560,34242560,pool1,61975712.0,0
384,4,0,10448216064,10448216064,228328784,45.759522215998835,0.00024916571428571427,0.00025483123214285714,0.00025483123214285714,0.0004041391112637362,0.00099608849996,0.40572610895514327,10.489244745240578,229.22539915797543,0.2293229268292683,0.298826549988,0.24902212499,231.3968470323852,54296576,54296576,pool1,119791552.0,0
384,8,0,20896432128,20896432128,452496272,46.180340968643385,0.0004983314285714285,0.0005050181607142857,0.0005050181607142857,0.0008074309189560439,0.00195461200002,0.41309012681175705,10.690833847221946,231.5018387257266,0.4385238095238095,0.5863836000060001,0.48865300000500006,226.8670678183261,95125504,94404608,pool1,235423232.0,720896
384,16,0,41792864256,41792864256,900831248,46.393666237474925,0.000996662857142857,0.0010053920178571428,0.0010053920178571428,0.001614014534340659,0.0036647235000373,0.4404191842370185,11.404097541212762,245.81151838353733,0.9388592870544088,1.09941705001119,0.916180875009325,249.98858967334849,175669248,174620672,pool1,466686592.0,1048576
384,32,0,83585728512,83585728512,1797501200,46.5010696582567,0.001993325714285714,0.0020061397321428573,0.0020061397321428573,0.00322718176510989,0.0089677810000239,0.35986402490217917,9.320670131415701,200.43990815511768,2.1728565217391305,2.69033430000717,2.241945250005975,248.1841851605399,593002496,335052800,pool1,929213312.0,257949696
384,33,1,86197782528,86197782528,1853543072,46.50433207089778,0.002055617142857143,0.002068686464285714,0.002068686464285714,0.003328004717032967,0.0100565074999963,0.3309304663705756,8.571343732208394,184.3128016362223,2.448710784313725,3.0169522499988903,2.514126874999075,247.57998147361835,602505216,345079808,pool1,958121232.0,257425408
384,64,0,167171457024,167171457024,3590841104,46.554958067562545,0.003986651428571428,0.0040076351607142855,0.0040076351607142855,0.0064535162266483505,0.0168037290000029,0.38405262466725315,9.948473759840518,213.6931096662759,4.028733870967742,5.04111870000087,4.200932250000725,246.2207498186708,886603776,655917056,pool1,1854266752.0,230686720
384,128,0,334342914048,334342914048,7177520912,46.58194913636777,0.007973302857142857,0.008010626017857143,0.008010626017857143,0.012906185149725273,0.0270075859999678,0.47787259289818274,12.37959268364076,265.75943929266975,6.732405405405405,8.10227579999034,6.75189649999195,247.8884158506739,1297645568,1297645568,pool1,3704373632.0,0
384,229,1,598160369664,598160369664,12837749984,46.59386344254264,0.014264737142857142,0.014327845964285714,0.014327845964285714,0.023089363464896217,0.0482030419999546,0.47900220622835304,12.409183006843497,266.3265522539447,12.467238095238097,14.46091259998638,12.05076049998865,256.9389324358142,2311553024,2310373376,pool1,6624073552.0,1179648
384,252,1,658237612032,658237612032,14126713040,46.59524194822889,0.01569744,0.015766420803571428,0.015766420803571428,0.025408356287087912,0.0530417575000115,0.47902553543936405,12.409800184917652,266.33191858314535,13.08657894736842,15.91252725000345,13.260439375002875,246.1558596395381,2543353856,2540994560,pool1,7288955712.0,2359296
384,256,0,668685828096,668685828096,14350880528,46.595456410589385,0.015946605714285713,0.016016607732142855,0.016016607732142855,0.025811659386599507,0.0538133400000333,0.4796516883468585,12.426023511931916,266.67886676409825,13.144368421052633,16.14400200000999,13.453335000008325,243.59579661570191,2581102592,2581102592,pool1,7404587392.0,0
448,1,1,3555182592,3555182592,80437408,44.19812473320871,8.478285714285714e-05,8.977389285714286e-05,8.977389285714286e-05,0.0001380750808913309,0.0004099430000223,0.3368153155043992,8.672382725907275,196.2160788100404,0.0779147973238882,0.12298290000669,0.102485750005575,196.2946154281045,28639232,27836416,pool1,43504400.0,802816
448,2,1,7110365184,7110365184,156713520,45.37174063858689,0.00016956571428571428,0.00017490348214285715,0.00017490348214285715,0.0002753028582112332,0.0007018195000227,0.3922701751694398,10.131330326059647,223.2960469108242,0.1554774991411886,0.21054585000681,0.175454875005675,221.49928589525163,41484288,41484288,pool1,82848928.0,0
448,4,1,14220730368,14220730368,309265744,45.98223580817926,0.00033913142857142857,0.00034516266071428573,0.00034516266071428573,0.0005497584128510379,0.0012780904999658,0.43014044221887937,11.126544144080977,241.97483981633187,0.3043839743589743,0.38342714998974003,0.31952262499145,237.14578692559493,68780032,68780032,pool1,161537984.0,0
448,8,1,28441460736,28441460736,614370192,46.293685967108246,0.0006782628571428571,0.0006856810178571429,0.0006856810178571429,0.0010986695221306471,0.0026165884999613,0.41988624582997924,10.869672757646322,234.7981702163281,0.62575,0.7849765499883901,0.654147124990325,237.7359702844332,124420096,123371520,pool1,318916096.0,1048576
448,16,1,56882921472,56882921472,1224579088,46.450998575275364,0.0013565257142857143,0.0013667177321428571,0.0013667177321428571,0.0021964917406898654,0.0050680029999625,0.43340379646699456,11.223932083785447,241.62951127082226,1.296204134366925,1.5204008999887502,1.267000749990625,247.48060126683083,233603072,232554496,pool1,633672320.0,1048576
448,32,1,113765842944,113765842944,2444996880,46.53005648988804,0.0027130514285714285,0.0027287911607142856,0.0027287911607142856,0.004392136177808302,0.0097864714999786,0.44879670653696857,11.624807055765581,249.83436369332364,2.451739534883721,2.93594144999358,2.44661787499465,260.4682166075491,452493312,450920448,pool1,1263184768.0,1572864
448,33,1,117321025536,117321025536,2521272992,46.532456385428965,0.002797834285714286,0.00281392075,0.00281392075,0.004529363955128205,0.0100612234999744,0.4501802345549455,11.66071159599014,250.59308065330376,2.416519230769231,3.01836704999232,2.5153058749936,248.78094584600305,465764352,464568320,pool1,1302529296.0,1196032
448,64,1,227531685888,227531685888,4885832464,46.569686448421784,0.005426102857142857,0.005452938017857143,0.005452938017857143,0.008783425052045178,0.0189514049999957,0.4634709169081222,12.006058964390853,257.8084561013344,4.713773584905661,5.68542149999871,4.737851249998925,247.7595562638737,888700928,887652352,pool1,2522209664.0,1048576
448,128,1,455063371776,455063371776,9767503632,46.58952675329806,0.010852205714285714,0.010901231732142858,0.010901231732142858,0.017566002800518923,0.0368469875000414,0.4767283295683042,12.350083484450083,265.0828275171485,9.072909090909093,11.054096250012421,9.21174687501035,245.59503736299263,1761116160,1761116160,pool1,5040259456.0,0
448,229,1,814136813568,814136813568,17471390944,46.59828265405449,0.019415274285714285,0.01949932025,0.01949932025,0.03142606848076923,0.0684028720000924,0.45942615509955165,11.902085245293506,255.41896755411673,17.48613333333333,20.52086160002772,17.1007180000231,256.41338506630007,3140288512,3139551232,pool1,9014056784.0,737280
448,252,1,895906013184,895906013184,19225741520,46.5992956501581,0.02136528,0.02145730080357143,0.02145730080357143,0.034582372287087916,0.0727083829999628,0.4756311564115738,12.32190809668341,264.4226253802101,17.759892857142855,21.812514899988837,18.1770957499907,244.3480029458548,3454369792,3453452288,pool1,9918980928.0,917504
448,256,1,910126743552,910126743552,19530845968,46.59945324658146,0.021704411428571428,0.021797819160714285,0.021797819160714285,0.035131294688186814,0.0739451169999938,0.47509958890442705,12.30813852863437,264.12624335967496,18.71875,22.18353509999814,18.48627924999845,253.76366090704357,3508043776,3508043776,pool1,10076359040.0,0
512,1,0,4643407872,4643407872,103784608,44.74081428336657,0.0001107345054945055,0.00011583103571428572,0.00011583103571428572,0.00018008064865689867,0.0004750310000645,0.3790924142475906,9.774957574073092,218.47965287719762,0.097834693877551,0.14250930001935,0.118757750016125,210.91376235756903,32210944,32014336,pool1,55546640.0,196608
512,2,0,9286815744,9286815744,203407920,45.65611675297599,0.000221469010989011,0.00022701776785714284,0.00022701776785714284,0.00035931399374236877,0.0008889174999922,0.40421523228592265,10.447331438610995,228.8265446476021,0.2039181184668989,0.26667524999766,0.22222937499805,231.56412519065947,49840128,49840128,pool1,106933408.0,0
512,4,0,18573631488,18573631488,402654544,46.127956991340945,0.000442938021978022,0.0004493912321428571,0.0004493912321428571,0.0007177806839133089,0.0016624229998569,0.43176777750012774,11.1726266356991,242.20944009717155,0.39134,0.49872689995707,0.415605749964225,233.02648330641605,85491712,85491712,pool1,209706944.0,0
512,8,0,37147262976,37147262976,801147792,46.36755333652595,0.000885876043956044,0.0008941381607142857,0.0008941381607142857,0.0014347140642551892,0.0032316744999434,0.44395376585120716,11.494741495980056,247.9048530456986,0.8177674796747968,0.96950234998302,0.80791862498585,247.98027739500583,156794880,156794880,pool1,415254016.0,0
512,16,0,74294525952,74294525952,1598134288,46.48828731719196,0.001771752087912088,0.001783632017857143,0.001783632017857143,0.00286858082493895,0.0061105094999902,0.4694503502438791,12.158483012278952,261.5386307807169,1.5275762195121951,1.8331528499970602,1.5276273749975502,246.44884149558905,299401216,299401216,pool1,826348160.0,0
512,32,0,148589051904,148589051904,3192107280,46.54889039443562,0.003543504175824176,0.003562619732142857,0.003562619732142857,0.005736314346306471,0.0127078080000728,0.45140077236558884,11.692736615405959,251.19259592069008,3.1999030303030307,3.81234240002184,3.1769520000182,259.83420285143694,584613888,584613888,pool1,1648536448.0,0
512,33,1,153232459776,153232459776,3291730592,46.550729318008536,0.0036542386813186814,0.0036738064642857144,0.0036738064642857144,0.005915547691391941,0.0128953070000079,0.4587364760984998,11.88280820114683,255.26577940315676,3.262938271604938,3.86859210000237,3.223826750001975,259.4439656842288,603488256,602439680,pool1,1699923216.0,1048576
512,64,0,297178103808,297178103808,6380053264,46.57925122425749,0.007087008351648352,0.007120595160714286,0.007120595160714286,0.011471781389041515,0.0246250330001203,0.4658585184022077,12.068130174954414,259.088110215683,6.065560975609756,7.38750990003609,6.156258250030075,245.2193016197771,1155039232,1155039232,pool1,3292913024.0,0
512,128,0,594356207616,594356207616,12755945232,46.594446495817316,0.014174016703296703,0.014236546017857142,0.014236546017857142,0.0229427154745116,0.0479080504999274,0.4788906088872551,12.406186463732242,266.25890844836886,11.899142857142856,14.37241514997822,11.97701262498185,247.8331112525515,2295889920,2295889920,pool1,6581666176.0,0
512,229,1,1063340402688,1063340402688,22817899744,46.60115149149986,0.025358201758241758,0.025466405964285715,0.025466405964285715,0.04104534349908424,0.0855192120000083,0.47995465041329255,12.433935928781674,266.8160663594256,20.811916666666665,25.655763600002487,21.379803000002074,242.9132090959609,4097343488,4096294912,pool1,11771729744.0,1048576
512,252,1,1170138783744,1170138783744,25109235920,46.60192717421407,0.027905095384615386,0.02802370080357143,0.02802370080357143,0.04516777536401099,0.0940501999998559,0.4802517736706588,12.441640567971072,266.9769540100762,23.83868181818182,28.215059999956768,23.512549999963973,252.7800530456137,4506288128,4506288128,pool1,12953625408.0,0
512,256,0,1188712415232,1188712415232,25507729168,46.602047850000915,0.028348033406593406,0.028468447732142858,0.028468447732142858,0.04588472003617216,0.0960616940000136,0.4776588682286371,12.374468591318323,265.53486729056004,23.786,28.818508200004082,24.0154235000034,248.4635259805717,4577591296,4577591296,pool1,13159172480.0,0
