layer,kind,flops,bytes_io,in_bytes,out_bytes,idx_bytes,inplace,input_is_x,S,B,t_measured_s,ArI,t_compute_s,t_memory_s,t_roofline_s,bound,efficiency,achieved_tflops,achieved_GBps,time_share
conv1,conv,2408448,63872,12288,32768,0,False,True,32,1,6.731e-06,37.70741482965932,5.743589743589744e-08,7.128571428571429e-08,7.128571428571429e-08,memory,0.010590657299912983,0.35781429208141435,9.489228940722032,0.027871289383568736
relu1,relu,0,65536,32768,32768,0,True,False,32,1,8.85e-07,0.0,0.0,7.314285714285714e-08,7.314285714285714e-08,memory,0.08264729620661825,0.0,74.05197740112995,0.003664550750922349
pool1,maxpool,0,57344,32768,8192,16384,False,False,32,1,1.675e-06,0.0,0.0,6.4e-08,6.4e-08,memory,0.0382089552238806,0.0,34.23522388059702,0.006935731647225915
conv2,conv,6553600,229376,8192,16384,0,False,False,32,1,1.9712e-05,28.571428571428573,1.5628815628815628e-07,2.56e-07,2.56e-07,memory,0.012987012987012988,0.33246753246753247,11.636363636363637,0.08162217446574163
relu2,relu,0,32768,16384,16384,0,True,False,32,1,8.86e-07,0.0,0.0,3.657142857142857e-08,3.657142857142857e-08,memory,0.04127700741696227,0.0,36.9841986455982,0.0036686914862341254
conv3,conv,2359296,319488,16384,8192,0,False,False,32,1,0.00010737999999999999,7.384615384615385,5.6263736263736263e-08,3.5657142857142856e-07,3.5657142857142856e-07,memory,0.0033206502940159115,0.021971465822313282,2.975302663438257,0.44463215777857834
relu3,relu,0,16384,8192,8192,0,True,False,32,1,8.86e-07,0.0,0.0,1.8285714285714285e-08,1.8285714285714285e-08,memory,0.020638503708481134,0.0,18.4920993227991,0.0036686914862341254
conv4,conv,1048576,155648,8192,16384,0,False,False,32,1,5.706e-06,6.7368421052631575,2.5006105006105006e-08,1.7371428571428572e-07,1.7371428571428572e-07,memory,0.03044414400881278,0.18376726253066947,27.27795303189625,0.023627035688997655
relu4,relu,0,32768,16384,16384,0,True,False,32,1,8.86e-07,0.0,0.0,3.657142857142857e-08,3.657142857142857e-08,memory,0.04127700741696227,0.0,36.9841986455982,0.0036686914862341254
conv5,conv,4718592,2379776,16384,4096,0,False,False,32,1,7.981699999999998e-05,1.9827882960413081,1.1252747252747253e-07,2.656e-06,2.656e-06,memory,0.03327611912249271,0.059117631582244395,29.81540273375347,0.33050107038007803
relu5,relu,0,8192,4096,4096,0,True,False,32,1,8.75e-07,0.0,0.0,9.142857142857143e-09,9.142857142857143e-09,memory,0.010448979591836735,0.0,9.362285714285715,0.0036231433978045824
conv6,conv,1048576,536576,4096,8192,0,False,False,32,1,8.832000000000001e-06,1.9541984732824427,2.5006105006105006e-08,5.988571428571429e-07,5.988571428571429e-07,memory,0.06780538302277432,0.11872463768115941,60.75362318840579,0.036570974273611515
relu6,relu,0,16384,8192,8192,0,True,False,32,1,8.75e-07,0.0,0.0,1.8285714285714285e-08,1.8285714285714285e-08,memory,0.02089795918367347,0.0,18.72457142857143,0.0036231433978045824
global_avg_pool,avgpool,0,10240,8192,2048,0,False,False,32,1,1.3649999999999998e-06,0.0,0.0,1.1428571428571429e-08,1.1428571428571429e-08,memory,0.00837257980115123,0.0,7.501831501831503,0.005652103700575148
fc1,linear,262144,528384,2048,1024,0,False,False,32,1,2.3359999999999997e-06,0.49612403100775193,6.2515262515262515e-09,5.897142857142857e-07,5.897142857142857e-07,memory,0.2524461839530333,0.11221917808219178,226.19178082191786,0.00967275768831029
relu_head,relu,0,2048,1024,1024,0,True,False,32,1,9.92e-07,0.0,0.0,2.2857142857142857e-09,2.2857142857142857e-09,memory,0.002304147465437788,0.0,2.064516129032258,0.004107609429282452
fc2,linear,51200,104224,1024,400,0,False,False,32,1,1.6639999999999999e-06,0.49124961621123736,1.221001221001221e-09,1.1632142857142857e-07,1.1632142857142857e-07,memory,0.06990470467032968,0.03076923076923077,62.63461538461539,0.006890183558796371
conv1,conv,3776446464,70666624,19267584,51380224,0,False,True,224,32,0.000264546,53.4403124167924,9.005948717948718e-05,7.8869e-05,9.005948717948718e-05,compute,0.3404303492756919,14.275197750107733,267.1241447612136,0.09429875137368857
relu1,relu,0,102760448,51380224,51380224,0,True,False,224,32,0.000114795,0.0,0.0,0.000114688,0.000114688,memory,0.9990679036543403,0.0,895.1648416742889,0.04091925473808933
pool1,maxpool,0,89915392,51380224,12845056,25690112,False,False,224,32,0.000113291,0.0,0.0,0.000100352,0.000100352,memory,0.8857896920320237,0.0,793.6675640606933,0.04038314637861299
conv2,conv,10276044800,38739968,12845056,25690112,0,False,False,224,32,0.001163857,265.2569253541975,0.00024505982905982903,4.323657142857143e-05,0.00024505982905982903,compute,0.2105583667579686,8.829301881588547,33.28584869103335,0.41486267748341327
relu2,relu,0,51380224,25690112,25690112,0,True,False,224,32,1.7344000000000002e-05,0.0,0.0,5.7344e-05,5.7344e-05,memory,3.306273062730627,0.0,2962.4206642066415,0.006182355975237783
conv3,conv,3699376128,38830080,25690112,12845056,0,False,False,224,32,0.000282465,95.27088607594936,8.822153846153847e-05,4.333714285714286e-05,8.822153846153847e-05,compute,0.3123273271433221,13.096759343635496,137.46864213265363,0.10068606898901869
relu3,relu,0,25690112,12845056,12845056,0,True,False,224,32,8.917e-06,0.0,0.0,2.8672e-05,2.8672e-05,memory,3.2154311988336888,0.0,2881.026354154985,0.003178509469049545
conv4,conv,1644167168,38666240,12845056,25690112,0,False,False,224,32,0.000113804,42.52203389830508,3.920957264957265e-05,4.3154285714285713e-05,4.3154285714285713e-05,memory,0.3791983209226891,14.447358335383642,339.76169554672947,0.04056600780707799
relu4,relu,0,51380224,25690112,25690112,0,True,False,224,32,1.7152e-05,0.0,0.0,5.7344e-05,5.7344e-05,memory,3.343283582089552,0.0,2995.582089552239,0.006113916610198251
conv5,conv,7398752256,34471936,25690112,6422528,0,False,False,224,32,0.0005612509999999999,214.63117870722434,0.00017644307692307694,3.847314285714286e-05,0.00017644307692307694,compute,0.3143746326030189,13.18260859401587,61.419821078269806,0.20006073993647258
relu5,relu,0,12845056,6422528,6422528,0,True,False,224,32,4.907e-06,0.0,0.0,1.4336e-05,1.4336e-05,memory,2.921540656205421,0.0,2617.700427960057,0.0017491248137968057
conv6,conv,1644167168,19791872,6422528,12845056,0,False,False,224,32,0.000110305,83.0728476821192,3.920957264957265e-05,2.2089142857142858e-05,3.920957264957265e-05,compute,0.35546505280424867,14.90564496623,179.4286025112189,0.03931877167023776
relu6,relu,0,25690112,12845056,12845056,0,True,False,224,32,9.61e-06,0.0,0.0,2.8672e-05,2.8672e-05,memory,2.9835587929240375,0.0,2673.2686784599373,0.003425532802239108
global_avg_pool,avgpool,0,12910592,12845056,65536,0,False,False,224,32,8.246e-06,0.0,0.0,1.4409142857142857e-05,1.4409142857142857e-05,memory,1.7474099996535115,0.0,1565.6793596895463,0.0029393281464374283
fc1,linear,8388608,623616,65536,32768,0,False,False,224,32,9.397999999999999e-06,13.451559934318555,2.0004884004884005e-07,6.96e-07,6.96e-07,memory,0.07405831027878272,0.8925950202170676,66.35624600978932,0.003349964336674624
relu_head,relu,0,65536,32768,32768,0,True,False,224,32,9.07e-07,0.0,0.0,7.314285714285714e-08,7.314285714285714e-08,memory,0.08064262088517878,0.0,72.25578831312018,0.0003233047088065423
fc2,linear,1638400,148368,32768,12800,0,False,False,224,32,4.608e-06,11.042812466300012,3.907203907203907e-08,1.6558928571428572e-07,1.6558928571428572e-07,memory,0.03593517485119048,0.3555555555555556,32.19791666666667,0.0016425447609487835
conv1,conv,39460012032,738216320,201326592,536870912,0,False,True,512,64,0.002753083,53.45318298029499,0.0009410297435897436,0.0008239021428571428,0.0009410297435897436,compute,0.34180943458288165,14.33302665847706,268.14168697420314,0.12020282709573837
relu1,relu,0,1073741824,536870912,536870912,0,True,False,512,64,0.0013900619999999999,0.0,0.0,0.0011983725714285714,0.0011983725714285714,memory,0.8621000872109097,0.0,772.4416781409751,0.06069173440770085
pool1,maxpool,0,939524096,536870912,134217728,268435456,False,False,512,64,0.0012889429999999999,0.0,0.0,0.001048576,0.001048576,memory,0.8135161911736983,0.0,728.9105072916336,0.05627676047734932
conv2,conv,107374182400,402857984,134217728,268435456,0,False,False,512,64,0.006804325999999999,266.5311019378978,0.0025606251526251525,0.0004496182857142857,0.0025606251526251525,compute,0.37632311453407036,15.780281897134266,59.20615561335539,0.2970848396801103
relu2,relu,0,536870912,268435456,268435456,0,True,False,512,64,0.000685975,0.0,0.0,0.0005991862857142857,0.0005991862857142857,memory,0.8734812284912506,0.0,782.6391807281607,0.02995047164106536
conv3,conv,38654705664,402948096,268435456,134217728,0,False,False,512,64,0.0027804329999999997,95.92973896072213,0.0009218250549450549,0.0004497188571428571,0.0009218250549450549,compute,0.33154010722252797,13.90240500814082,144.92278576754052,0.12139696011717958
relu3,relu,0,268435456,134217728,134217728,0,True,False,512,64,0.000327527,0.0,0.0,0.00029959314285714285,0.00029959314285714285,memory,0.9147128110267028,0.0,819.5826786799256,0.014300212289344675
conv4,conv,17179869184,402784256,134217728,268435456,0,False,False,512,64,0.001032253,42.65278229742922,0.0004097000244200244,0.000449536,0.000449536,memory,0.43549013662348285,16.643079927110893,390.1991624146406,0.0450693745441228
relu4,relu,0,536870912,268435456,268435456,0,True,False,512,64,0.0006859539999999999,0.0,0.0,0.0005991862857142857,0.0005991862857142857,memory,0.8735079695056605,0.0,782.6631406770717,0.029949554756478505
conv5,conv,77309411328,337903616,268435456,67108864,0,False,False,512,64,0.002979192,228.79131109387123,0.0018436501098901099,0.0003771245714285714,0.0018436501098901099,compute,0.6188423270101793,25.949791530052444,113.42122830619847,0.13007501076466166
relu5,relu,0,134217728,67108864,67108864,0,True,False,512,64,0.00014457400000000002,0.0,0.0,0.00014979657142857143,0.00014979657142857143,memory,1.036123863409544,0.0,928.3669816149514,0.006312270107562788
conv6,conv,17179869184,201850880,67108864,134217728,0,False,False,512,64,0.001532087,85.11168831168831,0.0004097000244200244,0.00022528,0.0004097000244200244,compute,0.2674130283854797,11.213377036682642,131.74896725838676,0.06689271219088873
relu6,relu,0,268435456,134217728,134217728,0,True,False,512,64,0.000317543,0.0,0.0,0.00029959314285714285,0.00029959314285714285,memory,0.9434726725424364,0.0,845.351514598023,0.013864299160055129
global_avg_pool,avgpool,0,134348800,134217728,131072,0,False,False,512,64,0.00016481899999999997,0.0,0.0,0.00014994285714285715,0.00014994285714285715,memory,0.9097425487526145,0.0,815.1293236823426,0.007196190510454098
fc1,linear,16777216,721920,131072,65536,0,False,False,512,64,1.0336e-05,23.23971631205674,4.000976800976801e-07,8.057142857142857e-07,8.057142857142857e-07,memory,0.07795223352498894,1.6231826625386998,69.84520123839009,0.0004512818614119342
relu_head,relu,0,131072,65536,65536,0,True,False,512,64,1.2159999999999999e-06,0.0,0.0,1.4628571428571428e-07,1.4628571428571428e-07,memory,0.12030075187969926,0.0,107.78947368421053,5.309198369552166e-05
fc2,linear,3276800,193936,65536,25600,0,False,False,512,64,5.3230000000000005e-06,16.89629568517449,7.814407814407814e-08,2.1644642857142857e-07,2.1644642857142857e-07,memory,0.04066248892944365,0.6155927108773247,36.43359008078151,0.00023240841218031402
